bin_start,bin_end,count
4.603820064165352e-05,0.9497307014913077,20337
0.9497307014913077,1.8994153647819738,3993
1.8994153647819738,2.8491000280726397,1635
2.8491000280726397,3.7987846913633057,897
3.7987846913633057,4.748469354653972,564
4.748469354653972,5.698154017944638,380
5.698154017944638,6.647838681235304,296
6.647838681235304,7.59752334452597,207197
7.59752334452597,8.547208007816636,7416
8.547208007816636,9.496892671107302,2209
9.496892671107302,10.446577334397968,1364
10.446577334397968,11.396261997688635,887
11.396261997688635,12.345946660979301,654
12.345946660979301,13.295631324269966,519
13.295631324269966,14.245315987560632,422
14.245315987560632,15.195000650851298,347
15.195000650851298,16.144685314141963,286
16.144685314141963,17.094369977432628,255
17.094369977432628,18.044054640723296,237
18.044054640723296,18.99373930401396,193
18.99373930401396,19.94342396730463,180
19.94342396730463,20.893108630595293,184
20.893108630595293,21.842793293885958,128
21.842793293885958,22.792477957176626,125
22.792477957176626,23.74216262046729,104
23.74216262046729,24.69184728375796,93
24.69184728375796,25.641531947048623,106
25.641531947048623,26.591216610339288,84
26.591216610339288,27.540901273629956,71
27.540901273629956,28.49058593692062,70
28.49058593692062,29.44027060021129,60
29.44027060021129,30.389955263501953,44
30.389955263501953,31.339639926792618,36
31.339639926792618,32.28932459008329,27
32.28932459008329,33.23900925337396,34
33.23900925337396,34.18869391666462,46
34.18869391666462,35.13837857995529,29
35.13837857995529,36.088063243245955,23
36.088063243245955,37.037747906536616,38
37.037747906536616,37.987432569827284,27
37.987432569827284,38.93711723311795,18
38.93711723311795,39.88680189640862,11
39.88680189640862,40.83648655969928,19
40.83648655969928,41.78617122298995,17
41.78617122298995,42.73585588628062,14
42.73585588628062,43.68554054957128,20
43.68554054957128,44.63522521286195,14
44.63522521286195,45.584909876152615,22
45.584909876152615,46.534594539443276,11
46.534594539443276,47.484279202733944,6
47.484279202733944,48.43396386602461,9
48.43396386602461,49.38364852931528,6
49.38364852931528,50.33333319260594,15
50.33333319260594,51.28301785589661,5
51.28301785589661,52.23270251918728,10
52.23270251918728,53.18238718247794,3
53.18238718247794,54.13207184576861,5
54.13207184576861,55.081756509059275,3
55.081756509059275,56.031441172349936,7
56.031441172349936,56.981125835640604,8
56.981125835640604,57.93081049893127,1
57.93081049893127,58.88049516222194,4
58.88049516222194,59.8301798255126,5
59.8301798255126,60.77986448880327,4
60.77986448880327,61.72954915209394,1
61.72954915209394,62.6792338153846,3
62.6792338153846,63.62891847867527,3
63.62891847867527,64.57860314196593,4
64.57860314196593,65.5282878052566,5
65.5282878052566,66.47797246854726,3
66.47797246854726,67.42765713183792,2
67.42765713183792,68.37734179512859,5
68.37734179512859,69.32702645841925,0
69.32702645841925,70.27671112170992,3
70.27671112170992,71.22639578500059,4
71.22639578500059,72.17608044829126,0
72.17608044829126,73.12576511158193,1
73.12576511158193,74.07544977487258,1
74.07544977487258,75.02513443816325,1
75.02513443816325,75.97481910145392,1
75.97481910145392,76.92450376474459,2
76.92450376474459,77.87418842803525,2
77.87418842803525,78.82387309132592,0
78.82387309132592,79.77355775461659,1
79.77355775461659,80.72324241790724,2
80.72324241790724,81.67292708119791,1
81.67292708119791,82.62261174448858,0
82.62261174448858,83.57229640777925,0
83.57229640777925,84.52198107106992,1
84.52198107106992,85.47166573436058,0
85.47166573436058,86.42135039765124,0
86.42135039765124,87.3710350609419,0
87.3710350609419,88.32071972423257,1
88.32071972423257,89.27040438752324,0
89.27040438752324,90.22008905081391,1
90.22008905081391,91.16977371410458,0
91.16977371410458,92.11945837739525,0
92.11945837739525,93.0691430406859,0
93.0691430406859,94.01882770397657,1
94.01882770397657,94.96851236726724,0
94.96851236726724,95.9181970305579,0
95.9181970305579,96.86788169384857,1
96.86788169384857,97.81756635713924,0
97.81756635713924,98.76725102042991,1
98.76725102042991,99.71693568372056,2
99.71693568372056,100.66662034701123,1
100.66662034701123,101.6163050103019,0
101.6163050103019,102.56598967359257,1
102.56598967359257,103.51567433688324,0
103.51567433688324,104.4653590001739,0
104.4653590001739,105.41504366346457,0
105.41504366346457,106.36472832675523,0
106.36472832675523,107.3144129900459,1
107.3144129900459,108.26409765333656,0
108.26409765333656,109.21378231662723,0
109.21378231662723,110.1634669799179,1
110.1634669799179,111.11315164320857,0
111.11315164320857,112.06283630649922,0
112.06283630649922,113.01252096978989,0
113.01252096978989,113.96220563308056,0
113.96220563308056,114.91189029637123,0
114.91189029637123,115.8615749596619,0
115.8615749596619,116.81125962295256,0
116.81125962295256,117.76094428624323,1
117.76094428624323,118.71062894953388,1
118.71062894953388,119.66031361282455,0
119.66031361282455,120.60999827611522,0
120.60999827611522,121.55968293940589,0
121.55968293940589,122.50936760269656,1
122.50936760269656,123.45905226598722,1
123.45905226598722,124.4087369292779,0
124.4087369292779,125.35842159256855,0
125.35842159256855,126.30810625585922,0
126.30810625585922,127.25779091914988,0
127.25779091914988,128.20747558244057,0
128.20747558244057,129.15716024573123,1
129.15716024573123,130.1068449090219,1
130.1068449090219,131.05652957231257,0
131.05652957231257,132.00621423560324,0
132.00621423560324,132.9558988988939,0
132.9558988988939,133.90558356218457,1
133.90558356218457,134.8552682254752,1
134.8552682254752,135.80495288876588,0
135.80495288876588,136.75463755205655,0
136.75463755205655,137.70432221534722,0
137.70432221534722,138.6540068786379,0
138.6540068786379,139.60369154192855,1
139.60369154192855,140.55337620521922,0
140.55337620521922,141.5030608685099,0
141.5030608685099,142.45274553180056,0
142.45274553180056,143.40243019509123,0
143.40243019509123,144.3521148583819,0
144.3521148583819,145.30179952167256,0
145.30179952167256,146.25148418496323,0
146.25148418496323,147.20116884825387,0
147.20116884825387,148.15085351154454,1
148.15085351154454,149.1005381748352,0
149.1005381748352,150.05022283812588,0
150.05022283812588,150.99990750141654,1
150.99990750141654,151.9495921647072,0
151.9495921647072,152.89927682799788,0
152.89927682799788,153.84896149128855,0
153.84896149128855,154.79864615457922,0
154.79864615457922,155.74833081786988,0
155.74833081786988,156.69801548116055,0
156.69801548116055,157.64770014445122,0
157.64770014445122,158.5973848077419,0
158.5973848077419,159.54706947103256,0
159.54706947103256,160.4967541343232,0
160.4967541343232,161.44643879761387,0
161.44643879761387,162.39612346090453,0
162.39612346090453,163.3458081241952,0
163.3458081241952,164.29549278748587,0
164.29549278748587,165.24517745077654,0
165.24517745077654,166.1948621140672,0
166.1948621140672,167.14454677735787,0
167.14454677735787,168.09423144064854,0
168.09423144064854,169.0439161039392,0
169.0439161039392,169.99360076722988,0
169.99360076722988,170.94328543052055,0
170.94328543052055,171.89297009381121,0
171.89297009381121,172.84265475710185,0
172.84265475710185,173.79233942039252,0
173.79233942039252,174.7420240836832,0
174.7420240836832,175.69170874697386,0
175.69170874697386,176.64139341026453,0
176.64139341026453,177.5910780735552,0
177.5910780735552,178.54076273684586,0
178.54076273684586,179.49044740013653,0
179.49044740013653,180.4401320634272,0
180.4401320634272,181.38981672671787,0
181.38981672671787,182.33950139000854,0
182.33950139000854,183.2891860532992,1
183.2891860532992,184.23887071658987,0
184.23887071658987,185.18855537988054,0
185.18855537988054,186.13824004317118,0
186.13824004317118,187.08792470646185,0
187.08792470646185,188.03760936975252,0
188.03760936975252,188.98729403304318,0
188.98729403304318,189.93697869633385,1
