Epoch,AverageEpRet,StdEpRet,MaxEpRet,MinEpRet,AverageEpCost,StdEpCost,MaxEpCost,MinEpCost,EpLen,CumulativeCost,CostRate,AverageVVals,StdVVals,MaxVVals,MinVVals,AverageCostVVals,StdCostVVals,MaxCostVVals,MinCostVVals,LossPi,DeltaLossPi,SurrCost,DeltaSurrCost,LossV,DeltaLossV,LossVC,DeltaLossVC,Penalty,DeltaPenalty,StopIter,Entropy,KL,TotalEnvInteracts,Time,ViolationsPerEpoch,ViolationRate
0,17.094017,7.0534987000000005,48.0,8.0,0.040704668,0.035148516,0.20404516,0.003117602,17.094017,9.524892,0.00238122296333313,0.005566749300000001,0.23010342,0.52873844,-0.5208491,-0.011186887,0.5765908000000001,1.3550346000000002,-1.41323,-2.2649764e-09,-0.015093781,4.7683715e-09,-0.00048315980000000004,137.53898999999998,-21.864548000000003,0.33685407,-0.33544147,0,0,7.0,0.67448133,0.017150417,4000,5.444437503814697,0,0.13344051446945338
1,21.202126999999997,10.930223,87.0,9.0,0.051248875,0.043216795,0.26326859999999996,0.0031959093,21.202126999999997,19.162046,0.0023952558040618893,1.1487585,0.20305339,1.8837049,-0.105390094,0.03391638,0.01657108,0.095125444,-0.036769163,-4.4107438e-08,-0.015204342,9.387732e-10,0.0001461534,214.3702,-77.78246999999999,0.0017610679000000001,-0.00018475240000000002,0,0,9.0,0.692036,0.015575968999999999,8000,7.655941963195801,0,0.13344051446945338
2,25.52564,11.737212,62.0,9.0,0.06477518,0.094799064,0.7107646,0.0032573233,25.52564,29.271340999999996,0.0024392784436543784,5.3169427,0.40604395,7.155352000000001,3.5612392,0.04193159,0.0095227165,0.07324961599999999,0.0018613825,-5.3048133e-08,-0.0111486865,4.3585895999999995e-10,0.00042209963,169.39446999999998,-66.535965,0.007623644000000001,-0.00028225733,0,0,16.0,0.6827873000000001,0.012419143999999998,12000,12.464181661605835,0,0.13344051446945338
3,34.198277000000004,17.230797,111.0,12.0,0.11153547,0.23600893,1.7460624,0.0014338329,34.198277000000004,42.211791999999996,0.002638236999511718,10.545016,0.45085895,11.821272,7.7042402999999995,0.05649212,0.0071717872999999994,0.079877175,0.0014614913,3.242493e-08,-0.013804698,1.3411043999999999e-10,0.00100017,228.73497000000003,-57.830902,0.04448667,-0.008411758,0,0,79.0,0.66326904,0.0048999605,16000,17.561172008514404,0,0.13344051446945338
4,40.469387,20.318989000000002,108.0,11.0,0.4319862,1.9351846000000001,14.350895000000001,0.0038041645000000002,40.469387,84.59272,0.004229636001586914,15.071266,1.1852396,18.10383,5.501223599999999,0.08490079,0.10845452,0.7445409000000001,-0.5768781999999999,6.3300135e-08,-0.01404903,-3.6507843999999997e-10,0.005531669,234.05544,-36.76146,3.195182,-0.2441721,0,0,79.0,0.6545128,0.0046742070000000005,20000,22.68414759635925,0,0.13344051446945338
5,55.676056,31.392908000000002,165.0,13.0,1.2686051,2.7717774,20.459322,0.0043755076,55.676056,174.70108000000002,0.007279211680094402,18.24609,2.1413328999999997,20.949061999999998,1.0950303,0.5280547,0.19262575,1.3369925,-0.10718287,4.863739e-08,-0.015641943999999998,2.4139881e-09,0.009483145,419.20462000000003,-70.02908000000001,4.392203299999999,-0.5445299,0,0,79.0,0.6438401,0.0060971417,24000,27.786646842956547,0,0.13344051446945338
6,69.91228000000001,38.563812,161.0,14.0,17.54721,58.40971999999999,284.85367,0.0016596995000000001,69.91228000000001,1174.8953,0.0419605451311384,21.866476000000002,4.2090354,24.118362,-16.429237,1.1980349,0.60718817,3.4823769999999996,-0.78949845,-2.5272368999999998e-08,-0.013345016000000001,-8.101463299999999e-07,0.09882437,520.39856,-74.34536999999999,2100.5215,-255.77441000000002,0,0,79.0,0.63376015,0.0047377045,28000,32.764612197875984,3,0.13344051446945338
7,107.43243400000001,37.197456,165.0,21.0,84.35846,180.67606999999998,721.0136,0.044148627999999995,107.43243400000001,4296.1714,0.13425535583496093,26.048502,1.8168595,26.860547999999998,0.73174953,4.7912683,7.678327599999999,17.034637,-16.326006,6.437302e-08,-0.008847993,1.8839835999999999e-06,0.41869202,682.0474,-93.73871,15212.641000000001,-1789.4717,0,0,79.0,0.6213164000000001,0.006002611999999999,32000,37.813115358352654,8,0.13344051446945338
8,133.2,47.73147,239.0,52.0,83.77601999999999,185.23253,787.37134,0.024669401,133.2,6809.453,0.18915147569444446,27.795603000000003,4.9104657,29.9128,-18.87921,15.456914000000001,1.3968553999999997,18.157806,8.572099,5.984306000000001e-08,-0.011265148999999999,9.3746183e-07,0.21033286,846.0616,-117.13257,12494.912,-469.9961,0,0,79.0,0.62681884,0.006147289,36000,40.22991013526917,6,0.13344051446945338
9,115.21875,53.158802,256.0,20.0,102.62746,239.94113,869.0208,0.011413438,115.21875,10111.271,0.252781787109375,31.919773,4.169136,33.007114,-18.426517,22.273937,0.46046615,23.213137,18.84344,-4.211068e-08,-0.011289773000000001,-2.6798246999999996e-07,0.2677112,827.0384,-67.76703,20678.514,-341.06055,0,0,79.0,0.6187968,0.0028858236,40000,45.298853397369385,5,0.13344051446945338
10,185.80952,78.44113,379.0,89.0,238.98216000000002,290.77954,902.586,3.6232371,185.80952,15130.418,0.3438731356534091,33.57847,5.919636,35.250607,-19.48259,26.553790000000003,0.22208627,27.010472999999998,25.131197,-3.0159950000000004e-08,-0.010078796,1.8658639e-06,0.18943763,1136.644,-126.98602,27298.637000000002,-673.83594,0,0,79.0,0.6155995,0.0045811934,44000,50.59239745140076,10,0.13344051446945338
11,222.88235,82.75185,410.0,82.0,732.8657,441.64227,1435.4832,0.7037213999999999,222.88235,27592.39,0.5748414713541666,35.809227,6.7980766,38.050938,-16.502363,31.227695,0.23342249999999998,31.522996999999997,29.527092,7.6293944e-08,-0.005758955,-4.31633e-06,0.74754155,1255.8118,-149.45946999999998,116328.516,-2678.6094,0,0,79.0,0.6183871999999999,0.0067695654,48000,55.7173216342926,14,0.13344051446945338
12,220.77777000000003,125.38321,500.0,52.0,537.6621,497.5727,1578.7614,0.35797477,220.77777000000003,37270.316,0.7167368539663461,39.986059999999995,3.9789754999999998,40.850433,-4.201532,36.866436,0.08994337,36.974255,36.27202,-4.7683715e-09,-0.008627291,3.1232835e-06,-0.045356743,1277.1863,-106.31482,86553.555,-1024.1484,0,0,79.0,0.6093999,0.0046931887,52000,60.61928057670593,11,0.13344051446945338
13,321.41666000000004,137.61325,500.0,126.0,693.68896,583.1044,1548.4371,3.4161546,321.41666000000004,45597.37,0.81423876953125,42.810623,2.5184069,43.16174,-4.790664700000001,39.84326,0.045712505,39.893677000000004,39.508938,-2.3365019999999998e-08,-0.005388785,-2.714157e-06,-0.31365207,1513.8397,-142.29895,88126.49,-686.53906,0,0,79.0,0.6065696999999999,0.0032557935999999997,56000,65.53312110900879,9,0.13344051446945338
14,245.0625,108.856255,461.0,127.0,654.4966,499.33395,1536.3596,1.188245,245.0625,56069.434,0.9344905598958332,45.65417,0.07020355,45.690926,45.09471,42.135234999999994,0.014219428000000001,42.158195,42.050067999999996,-3.7431718000000003e-08,-0.009141166,-1.8806458000000002e-06,0.4467412,1079.0701,-63.08667,94101.0,-836.4297,0,0,79.0,0.61006755,0.008124784,60000,67.92265725135803,12,0.13344051446945338
15,369.6,113.48057,500.0,181.0,1393.6112,1245.4152,3243.2637,23.754261,369.6,70310.73,1.0986051025390624,46.698277000000004,2.1001594,47.394215,26.161303,44.510094,0.020754323999999998,44.544857,44.414436,-1.7881394e-08,-0.0032403313,3.1204223999999997e-06,-0.159387,1421.474,-131.90955,264950.03,-1837.9062,0,0,79.0,0.60024685,0.0039615356,64000,72.92971205711366,6,0.13344051446945338
16,247.33333,145.88838,500.0,20.0,856.26184,618.9904,2288.667,0.04737162599999999,247.33333,83385.195,1.2262528722426471,49.319664,0.8041228,49.581856,35.179,47.742740000000005,0.014277372,47.761932,47.557056,5.0783157e-08,-0.005484629,1.0185242e-05,0.083365954,1086.8225,-171.70678999999998,141072.77,-1186.625,0,0,79.0,0.6015003000000001,0.0048182146000000006,68000,78.2034556865692,12,0.13344051446945338
17,330.41666000000004,126.53421999999999,500.0,152.0,814.9473,656.75055,1979.8615,36.88662,330.41666000000004,93164.58,1.2939524739583332,49.494640000000004,6.1412096,51.375972999999995,-5.3841915,50.2587,0.004989602,50.267807,50.23212,3.2901763e-08,-0.011214776999999999,2.2802353e-06,0.30477309999999996,1053.0208,-94.92444,109496.2,-627.1797,0,0,79.0,0.59101593,0.005319456,72000,83.17709445953369,9,0.13344051446945338
18,419.22222999999997,103.93885,500.0,253.0,1280.6177,1243.3237,4324.3086,23.389784,419.22222999999997,104721.945,1.3779203330592105,50.918209999999995,6.579455,53.19186800000001,-6.05816,52.058544,0.010380492,52.069072999999996,51.965847,4.124641300000001e-08,-0.0056366969999999995,9.57489e-07,0.31367815,1202.6598,-119.52258,207491.77,-898.5469,0,0,79.0,0.584096,0.0076272580000000005,76000,88.03346824645996,6,0.13344051446945338
19,331.81818,129.99777,500.0,69.0,797.9621599999999,630.69775,1556.5311,1.9750073000000001,331.81818,113531.12,1.41913896484375,55.08478,0.010777336,55.093876,54.95305,54.111465,0.01467388,54.125576,54.037290000000006,-9.536744e-10,-0.006574272,-2.37751e-06,0.7026560000000001,1033.3239999999998,-54.130188000000004,98539.28,-476.76562,0,0,79.0,0.58669275,0.006184411999999999,80000,93.05358958244324,7,0.13344051446945338
20,303.53845,131.5731,500.0,152.0,1363.0841,1097.4103,3702.3774,96.68175,303.53845,131251.55,1.5625184151785714,56.570766000000006,0.0034682828000000003,56.574169999999995,56.544140000000006,55.644690000000004,0.012910288,55.656086,55.543427,-2.7179717999999995e-08,-0.0043125446,1.8005370999999999e-06,0.02442092,892.28375,-28.401245,317432.62,-1871.6562,0,0,79.0,0.59493405,0.0016870370000000002,84000,96.40731739997864,10,0.13344051446945338
21,302.15384,88.88354,500.0,147.0,1287.2433,693.3662,2381.5667,60.186886,302.15384,147985.86,1.6816574928977273,57.65733,0.0036866495,57.660442,57.62506,58.437813,0.0023714832000000003,58.442023999999996,58.428230000000006,1.2874603999999999e-08,-0.005749031999999999,3.885269e-06,0.029172827000000002,813.7583599999999,-21.540833,226510.5,-1656.6406,0,0,79.0,0.58757883,0.0032816061,88000,101.66466403007507,11,0.13344051446945338
22,430.33334,105.10525,500.0,173.0,993.8684699999999,869.27045,2391.5874,43.990227000000004,430.33334,156931.77,1.7057800611413043,58.599064,0.01765655,58.608486,58.40361,61.017295999999995,0.0029834118,61.02239,61.002903,-5.1259996e-09,-0.0040129753999999995,-4.720688e-07,0.26851422,987.0489,-53.769165,128748.99,-387.35156,0,0,79.0,0.5765238,0.0059132622999999995,92000,106.63126397132874,5,0.13344051446945338
23,253.26666,92.72789,500.0,147.0,1262.3726,396.70797999999996,1896.598,696.84155,253.26666,177715.16,1.851199544270833,60.073130000000006,0.0032317708,60.075848,60.04863,62.3229,0.0019103541,62.326637,62.31706,-1.3798475000000001e-08,-0.0037339034000000004,-5.6171416e-07,-0.2506296,712.4318,-6.5560303,240851.8,-2077.8438,0,0,79.0,0.58653986,0.0054985126,96000,111.6309506893158,15,0.13344051446945338
24,378.2,135.75256000000002,500.0,162.0,693.51337,602.9105,1833.8447,12.316988,378.2,184665.0,1.84665,60.658867,0.0060810709999999995,60.66493199999999,60.606216,64.99136,0.0026905139,64.99682,64.97685,3.0297787e-08,-0.004220825,1.2350083e-07,0.055653244000000004,881.28705,-34.60791,69195.72,-167.02344,0,0,79.0,0.5598356,0.005364624,100000,116.76509881019592,7,0.13344051446945338
