environment,seed,timesteps,metric_return
Standard,42,1000,7.0
Standard,42,2000,6.0
Standard,42,3000,6.0
Standard,42,4000,15.0
Standard,42,5000,5.0
Standard,42,6000,4.0
Standard,42,7000,11.0
Standard,42,8000,12.0
Standard,42,9000,16.0
Standard,42,10000,8.0
Standard,42,11000,25.0
Standard,42,12000,8.0
Standard,42,13000,17.0
Standard,42,14000,24.0
Standard,42,15000,5.0
Standard,42,16000,8.0
Standard,42,17000,13.0
Standard,42,18000,12.0
Standard,42,19000,12.0
Standard,42,20000,10.0
Standard,42,21000,13.0
Standard,42,22000,3.0
Standard,42,23000,12.0
Standard,42,24000,11.0
Standard,42,25000,9.0
Standard,42,26000,12.0
Standard,42,27000,23.0
Standard,42,28000,8.0
Standard,42,29000,10.0
Standard,42,30000,20.0
Standard,42,31000,7.0
Standard,42,32000,12.0
Standard,42,33000,9.0
Standard,42,34000,10.0
Standard,42,35000,33.0
Standard,42,36000,18.0
Standard,42,37000,10.0
Standard,42,38000,6.0
Standard,42,39000,17.0
Standard,42,40000,9.0
Standard,42,41000,22.0
Standard,42,42000,37.0
Standard,42,43000,9.0
Standard,42,44000,41.0
Standard,42,45000,48.0
Standard,42,46000,18.0
Standard,42,47000,25.0
Standard,42,48000,21.0
Standard,42,49000,36.0
Standard,42,50000,17.0
Standard,42,51000,21.0
Standard,42,52000,26.0
Standard,42,53000,32.0
Standard,42,54000,24.0
Standard,42,55000,39.0
Standard,42,56000,17.0
Standard,42,57000,20.0
Standard,42,58000,46.0
Standard,42,59000,33.0
Standard,42,60000,39.0
Standard,42,61000,23.0
Standard,42,62000,48.0
Standard,42,63000,19.0
Standard,42,64000,48.0
Standard,42,65000,74.0
Standard,42,66000,111.0
Standard,42,67000,98.0
Standard,42,68000,19.0
Standard,42,69000,88.0
Standard,42,70000,51.0
Standard,42,71000,74.0
Standard,42,72000,54.0
Standard,42,73000,81.0
Standard,42,74000,83.0
Standard,42,75000,81.0
Standard,42,76000,41.0
Standard,42,77000,34.0
Standard,42,78000,40.0
Standard,42,79000,39.0
Standard,42,80000,37.0
Standard,42,81000,12.0
Standard,42,82000,78.0
Standard,42,83000,31.0
Standard,42,84000,26.0
Standard,42,85000,48.0
Standard,42,86000,25.0
Standard,42,87000,32.0
Standard,42,88000,5.0
Standard,42,89000,22.0
Standard,42,90000,34.0
Standard,42,91000,44.0
Standard,42,92000,31.0
Standard,42,93000,15.0
Standard,42,94000,48.0
Standard,42,95000,42.0
Standard,42,96000,63.0
Standard,42,97000,36.0
Standard,42,98000,75.0
Standard,42,99000,92.0
Standard,42,100000,69.0
Standard,42,101000,58.0
Standard,42,102000,35.0
Standard,42,103000,52.0
Standard,42,104000,43.0
Standard,42,105000,73.0
Standard,42,106000,51.0
Standard,42,107000,61.0
Standard,42,108000,58.0
Standard,42,109000,40.0
Standard,42,110000,61.0
Standard,42,111000,66.0
Standard,42,112000,47.0
Standard,42,113000,61.0
Standard,42,114000,36.0
Standard,42,115000,97.0
Standard,42,116000,43.0
Standard,42,117000,36.0
Standard,42,118000,60.0
Standard,42,119000,51.0
Standard,42,120000,47.0
Standard,42,121000,39.0
Standard,42,122000,36.0
Standard,42,123000,62.0
Standard,42,124000,64.0
Standard,42,125000,52.0
Standard,42,126000,67.0
Standard,42,127000,46.0
Standard,42,128000,66.0
Standard,42,129000,74.0
Standard,42,130000,48.0
Standard,42,131000,68.0
Standard,42,132000,97.0
Standard,42,133000,105.0
Standard,42,134000,75.0
Standard,42,135000,103.0
Standard,42,136000,89.0
Standard,42,137000,74.0
Standard,42,138000,82.0
Standard,42,139000,79.0
Standard,42,140000,87.0
Standard,42,141000,54.0
Standard,42,142000,94.0
Standard,42,143000,108.0
Standard,42,144000,128.0
Standard,42,145000,114.0
Standard,42,146000,70.0
Standard,42,147000,110.0
Standard,42,148000,63.0
Standard,42,149000,84.0
Standard,42,150000,73.0
Standard,42,151000,29.0
Standard,42,152000,91.0
Standard,42,153000,65.0
Standard,42,154000,85.0
Standard,42,155000,130.0
Standard,42,156000,46.0
Standard,42,157000,106.0
Standard,42,158000,132.0
Standard,42,159000,122.0
Standard,42,160000,88.0
Standard,42,161000,123.0
Standard,42,162000,94.0
Standard,42,163000,118.0
Standard,42,164000,52.0
Standard,42,165000,150.0
Standard,42,166000,116.0
Standard,42,167000,82.0
Standard,42,168000,128.0
Standard,42,169000,125.0
Standard,42,170000,132.0
Standard,42,171000,140.0
Standard,42,172000,157.0
Standard,42,173000,71.0
Standard,42,174000,146.0
Standard,42,175000,152.0
Standard,42,176000,153.0
Standard,42,177000,110.0
Standard,42,178000,200.0
Standard,42,179000,138.0
Standard,42,180000,144.0
Standard,42,181000,144.0
Standard,42,182000,157.0
Standard,42,183000,262.0
Standard,42,184000,187.0
Standard,42,185000,116.0
Standard,42,186000,159.0
Standard,42,187000,157.0
Standard,42,188000,150.0
Standard,42,189000,229.0
Standard,42,190000,116.0
Standard,42,191000,236.0
Standard,42,192000,137.0
Standard,42,193000,142.0
Standard,42,194000,168.0
Standard,42,195000,166.0
Standard,42,196000,198.0
Standard,42,197000,223.0
Standard,42,198000,256.0
Standard,42,199000,347.0
Standard,42,200000,267.0
Standard,42,201000,212.0
Standard,42,202000,375.0
Standard,42,203000,328.0
Standard,42,204000,286.0
Standard,42,205000,171.0
Standard,42,206000,300.0
Standard,42,207000,357.0
Standard,42,208000,321.0
Standard,42,209000,246.0
Standard,42,210000,361.0
Standard,42,211000,848.0
Standard,42,212000,277.0
Standard,42,213000,297.0
Standard,42,214000,687.0
Standard,42,215000,400.0
Standard,42,216000,396.0
Standard,42,217000,363.0
Standard,42,218000,736.0
Standard,42,219000,485.0
Standard,42,220000,792.0
Standard,42,221000,795.0
Standard,42,222000,937.0
Standard,42,223000,1000.0
Standard,42,224000,1000.0
Standard,42,225000,1000.0
Standard,42,226000,1000.0
Standard,42,227000,1000.0
Standard,42,228000,1000.0
Standard,42,229000,1000.0
Standard,42,230000,1000.0
Standard,42,231000,1000.0
Standard,42,232000,1000.0
Standard,42,233000,1000.0
Standard,42,234000,1000.0
Standard,42,235000,1000.0
Standard,42,236000,1000.0
Standard,42,237000,1000.0
Standard,42,238000,1000.0
Standard,42,239000,1000.0
Standard,42,240000,1000.0
Standard,42,241000,1000.0
Standard,42,242000,1000.0
Standard,42,243000,1000.0
Standard,42,244000,1000.0
Standard,42,245000,1000.0
Standard,42,246000,1000.0
Standard,42,247000,1000.0
Standard,42,248000,1000.0
Standard,42,249000,1000.0
Standard,42,250000,1000.0
Standard,42,251000,1000.0
Standard,42,252000,1000.0
Standard,42,253000,1000.0
Standard,42,254000,1000.0
Standard,42,255000,1000.0
Standard,42,256000,1000.0
Standard,42,257000,1000.0
Standard,42,258000,1000.0
Standard,42,259000,1000.0
Standard,42,260000,1000.0
Standard,42,261000,1000.0
Standard,42,262000,1000.0
Standard,42,263000,1000.0
Standard,42,264000,1000.0
Standard,42,265000,1000.0
Standard,42,266000,1000.0
Standard,42,267000,1000.0
Standard,42,268000,1000.0
Standard,42,269000,1000.0
Standard,42,270000,1000.0
Standard,42,271000,1000.0
Standard,42,272000,1000.0
Standard,42,273000,1000.0
Standard,42,274000,1000.0
Standard,42,275000,1000.0
Standard,42,276000,1000.0
Standard,42,277000,1000.0
Standard,42,278000,1000.0
Standard,42,279000,1000.0
Standard,42,280000,1000.0
Standard,42,281000,1000.0
Standard,42,282000,1000.0
Standard,42,283000,1000.0
Standard,42,284000,1000.0
Standard,42,285000,1000.0
Standard,42,286000,1000.0
Standard,42,287000,1000.0
Standard,42,288000,1000.0
Standard,42,289000,1000.0
Standard,42,290000,1000.0
Standard,42,291000,1000.0
Standard,42,292000,1000.0
Standard,42,293000,1000.0
Standard,42,294000,1000.0
Standard,42,295000,1000.0
Standard,42,296000,1000.0
Standard,42,297000,1000.0
Standard,42,298000,1000.0
Standard,42,299000,1000.0
Standard,42,300000,1000.0
Standard,42,301000,1000.0
Standard,42,302000,1000.0
Standard,42,303000,1000.0
Standard,42,304000,1000.0
Standard,42,305000,1000.0
Standard,42,306000,1000.0
Standard,42,307000,1000.0
Standard,42,308000,1000.0
Standard,42,309000,1000.0
Standard,42,310000,1000.0
Standard,42,311000,1000.0
Standard,42,312000,1000.0
Standard,42,313000,1000.0
Standard,42,314000,1000.0
Standard,42,315000,1000.0
Standard,42,316000,1000.0
Standard,42,317000,1000.0
Standard,42,318000,1000.0
Standard,42,319000,1000.0
Standard,42,320000,1000.0
Standard,42,321000,1000.0
Standard,42,322000,1000.0
Standard,42,323000,1000.0
Standard,42,324000,1000.0
Standard,42,325000,1000.0
Standard,42,326000,1000.0
Standard,42,327000,1000.0
Standard,42,328000,1000.0
Standard,42,329000,1000.0
Standard,42,330000,1000.0
Standard,42,331000,1000.0
Standard,42,332000,1000.0
Standard,42,333000,1000.0
Standard,42,334000,1000.0
Standard,42,335000,1000.0
Standard,42,336000,1000.0
Standard,42,337000,1000.0
Standard,42,338000,1000.0
Standard,42,339000,1000.0
Standard,42,340000,1000.0
Standard,42,341000,1000.0
Standard,42,342000,1000.0
Standard,42,343000,1000.0
Standard,42,344000,1000.0
Standard,42,345000,1000.0
Standard,42,346000,1000.0
Standard,42,347000,1000.0
Standard,42,348000,1000.0
Standard,42,349000,1000.0
Standard,42,350000,1000.0
Standard,42,351000,1000.0
Standard,42,352000,1000.0
Standard,42,353000,1000.0
Standard,42,354000,1000.0
Standard,42,355000,1000.0
Standard,42,356000,1000.0
Standard,42,357000,1000.0
Standard,42,358000,1000.0
Standard,42,359000,1000.0
Standard,42,360000,1000.0
Standard,42,361000,1000.0
Standard,42,362000,1000.0
Standard,42,363000,1000.0
Standard,42,364000,1000.0
Standard,42,365000,1000.0
Standard,42,366000,1000.0
Standard,42,367000,1000.0
Standard,42,368000,1000.0
Standard,42,369000,1000.0
Standard,42,370000,1000.0
Standard,42,371000,1000.0
Standard,42,372000,1000.0
Standard,42,373000,1000.0
Standard,42,374000,1000.0
Standard,42,375000,1000.0
Standard,42,376000,1000.0
Standard,42,377000,1000.0
Standard,42,378000,1000.0
Standard,42,379000,1000.0
Standard,42,380000,1000.0
Standard,42,381000,1000.0
Standard,42,382000,1000.0
Standard,42,383000,1000.0
Standard,42,384000,1000.0
Standard,42,385000,1000.0
Standard,42,386000,1000.0
Standard,42,387000,1000.0
Standard,42,388000,1000.0
Standard,42,389000,1000.0
Standard,42,390000,1000.0
Standard,42,391000,1000.0
Standard,42,392000,1000.0
Standard,42,393000,1000.0
Standard,42,394000,1000.0
Standard,42,395000,1000.0
Standard,42,396000,1000.0
Standard,42,397000,1000.0
Standard,42,398000,1000.0
Standard,42,399000,1000.0
Standard,42,400000,1000.0
Standard,42,401000,1000.0
Standard,42,402000,1000.0
Standard,42,403000,1000.0
Standard,42,404000,1000.0
Standard,42,405000,1000.0
Standard,42,406000,1000.0
Standard,42,407000,1000.0
Standard,42,408000,1000.0
Standard,42,409000,1000.0
Standard,42,410000,1000.0
Standard,42,411000,1000.0
Standard,42,412000,1000.0
Standard,42,413000,1000.0
Standard,42,414000,1000.0
Standard,42,415000,1000.0
Standard,42,416000,1000.0
Standard,42,417000,1000.0
Standard,42,418000,1000.0
Standard,42,419000,1000.0
Standard,42,420000,1000.0
Standard,42,421000,1000.0
Standard,42,422000,1000.0
Standard,42,423000,1000.0
Standard,42,424000,1000.0
Standard,42,425000,1000.0
Standard,42,426000,1000.0
Standard,42,427000,1000.0
Standard,42,428000,1000.0
Standard,42,429000,1000.0
Standard,42,430000,1000.0
Standard,42,431000,1000.0
Standard,42,432000,1000.0
Standard,42,433000,1000.0
Standard,42,434000,1000.0
Standard,42,435000,1000.0
Standard,42,436000,1000.0
Standard,42,437000,1000.0
Standard,42,438000,1000.0
Standard,42,439000,1000.0
Standard,42,440000,1000.0
Standard,42,441000,1000.0
Standard,42,442000,1000.0
Standard,42,443000,1000.0
Standard,42,444000,1000.0
Standard,42,445000,1000.0
Standard,42,446000,1000.0
Standard,42,447000,1000.0
Standard,42,448000,1000.0
Standard,42,449000,1000.0
Standard,42,450000,1000.0
Standard,42,451000,1000.0
Standard,42,452000,1000.0
Standard,42,453000,1000.0
Standard,42,454000,1000.0
Standard,42,455000,1000.0
Standard,42,456000,1000.0
Standard,42,457000,1000.0
Standard,42,458000,1000.0
Standard,42,459000,1000.0
Standard,42,460000,1000.0
Standard,42,461000,1000.0
Standard,42,462000,1000.0
Standard,42,463000,1000.0
Standard,42,464000,1000.0
Standard,42,465000,1000.0
Standard,42,466000,1000.0
Standard,42,467000,1000.0
Standard,42,468000,1000.0
Standard,42,469000,1000.0
Standard,42,470000,1000.0
Standard,42,471000,1000.0
Standard,42,472000,1000.0
Standard,42,473000,1000.0
Standard,42,474000,1000.0
Standard,42,475000,1000.0
Standard,42,476000,1000.0
Standard,42,477000,1000.0
Standard,42,478000,1000.0
Standard,42,479000,1000.0
Standard,42,480000,1000.0
Standard,42,481000,1000.0
Standard,42,482000,1000.0
Standard,42,483000,1000.0
Standard,42,484000,1000.0
Standard,42,485000,1000.0
Standard,42,486000,1000.0
Standard,42,487000,1000.0
Standard,42,488000,1000.0
Standard,42,489000,1000.0
Standard,42,490000,1000.0
Standard,42,491000,1000.0
Standard,42,492000,1000.0
Standard,42,493000,1000.0
Standard,42,494000,1000.0
Standard,42,495000,1000.0
Standard,42,496000,1000.0
Standard,42,497000,1000.0
Standard,42,498000,1000.0
Standard,42,499000,1000.0
Standard,42,500000,1000.0
Standard,42,501000,1000.0
Custom,42,1000,7.0
Custom,42,2000,6.0
Custom,42,3000,6.0
Custom,42,4000,13.0
Custom,42,5000,4.0
Custom,42,6000,3.0
Custom,42,7000,8.0
Custom,42,8000,7.0
Custom,42,9000,15.0
Custom,42,10000,5.0
Custom,42,11000,13.0
Custom,42,12000,7.0
Custom,42,13000,9.0
Custom,42,14000,14.0
Custom,42,15000,4.0
Custom,42,16000,3.0
Custom,42,17000,7.0
Custom,42,18000,5.0
Custom,42,19000,5.0
Custom,42,20000,5.0
Custom,42,21000,3.0
Custom,42,22000,3.0
Custom,42,23000,5.0
Custom,42,24000,21.0
Custom,42,25000,22.0
Custom,42,26000,21.0
Custom,42,27000,9.0
Custom,42,28000,7.0
Custom,42,29000,6.0
Custom,42,30000,6.0
Custom,42,31000,5.0
Custom,42,32000,10.0
Custom,42,33000,4.0
Custom,42,34000,7.0
Custom,42,35000,3.0
Custom,42,36000,5.0
Custom,42,37000,8.0
Custom,42,38000,3.0
Custom,42,39000,7.0
Custom,42,40000,8.0
Custom,42,41000,7.0
Custom,42,42000,9.0
Custom,42,43000,5.0
Custom,42,44000,7.0
Custom,42,45000,8.0
Custom,42,46000,7.0
Custom,42,47000,3.0
Custom,42,48000,21.0
Custom,42,49000,9.0
Custom,42,50000,4.0
Custom,42,51000,3.0
Custom,42,52000,4.0
Custom,42,53000,7.0
Custom,42,54000,4.0
Custom,42,55000,11.0
Custom,42,56000,2.0
Custom,42,57000,5.0
Custom,42,58000,10.0
Custom,42,59000,4.0
Custom,42,60000,10.0
Custom,42,61000,7.0
Custom,42,62000,6.0
Custom,42,63000,3.0
Custom,42,64000,5.0
Custom,42,65000,6.0
Custom,42,66000,3.0
Custom,42,67000,6.0
Custom,42,68000,5.0
Custom,42,69000,4.0
Custom,42,70000,5.0
Custom,42,71000,17.0
Custom,42,72000,5.0
Custom,42,73000,3.0
Custom,42,74000,13.0
Custom,42,75000,4.0
Custom,42,76000,6.0
Custom,42,77000,4.0
Custom,42,78000,4.0
Custom,42,79000,2.0
Custom,42,80000,5.0
Custom,42,81000,6.0
Custom,42,82000,5.0
Custom,42,83000,7.0
Custom,42,84000,3.0
Custom,42,85000,4.0
Custom,42,86000,5.0
Custom,42,87000,2.0
Custom,42,88000,4.0
Custom,42,89000,4.0
Custom,42,90000,4.0
Custom,42,91000,17.0
Custom,42,92000,6.0
Custom,42,93000,13.0
Custom,42,94000,7.0
Custom,42,95000,3.0
Custom,42,96000,12.0
Custom,42,97000,7.0
Custom,42,98000,5.0
Custom,42,99000,6.0
Custom,42,100000,12.0
Custom,42,101000,6.0
Custom,42,102000,6.0
Custom,42,103000,4.0
Custom,42,104000,5.0
Custom,42,105000,2.0
Custom,42,106000,12.0
Custom,42,107000,9.0
Custom,42,108000,6.0
Custom,42,109000,8.0
Custom,42,110000,14.0
Custom,42,111000,10.0
Custom,42,112000,6.0
Custom,42,113000,7.0
Custom,42,114000,20.0
Custom,42,115000,4.0
Custom,42,116000,6.0
Custom,42,117000,7.0
Custom,42,118000,21.0
Custom,42,119000,3.0
Custom,42,120000,10.0
Custom,42,121000,20.0
Custom,42,122000,10.0
Custom,42,123000,10.0
Custom,42,124000,8.0
Custom,42,125000,7.0
Custom,42,126000,4.0
Custom,42,127000,8.0
Custom,42,128000,4.0
Custom,42,129000,5.0
Custom,42,130000,14.0
Custom,42,131000,3.0
Custom,42,132000,13.0
Custom,42,133000,6.0
Custom,42,134000,14.0
Custom,42,135000,5.0
Custom,42,136000,7.0
Custom,42,137000,8.0
Custom,42,138000,4.0
Custom,42,139000,14.0
Custom,42,140000,9.0
Custom,42,141000,14.0
Custom,42,142000,7.0
Custom,42,143000,9.0
Custom,42,144000,9.0
Custom,42,145000,13.0
Custom,42,146000,3.0
Custom,42,147000,4.0
Custom,42,148000,6.0
Custom,42,149000,6.0
Custom,42,150000,3.0
Custom,42,151000,15.0
Custom,42,152000,2.0
Custom,42,153000,11.0
Custom,42,154000,9.0
Custom,42,155000,4.0
Custom,42,156000,4.0
Custom,42,157000,10.0
Custom,42,158000,4.0
Custom,42,159000,8.0
Custom,42,160000,17.0
Custom,42,161000,5.0
Custom,42,162000,5.0
Custom,42,163000,7.0
Custom,42,164000,3.0
Custom,42,165000,4.0
Custom,42,166000,11.0
Custom,42,167000,3.0
Custom,42,168000,6.0
Custom,42,169000,7.0
Custom,42,170000,11.0
Custom,42,171000,11.0
Custom,42,172000,10.0
Custom,42,173000,12.0
Custom,42,174000,5.0
Custom,42,175000,4.0
Custom,42,176000,3.0
Custom,42,177000,8.0
Custom,42,178000,5.0
Custom,42,179000,8.0
Custom,42,180000,7.0
Custom,42,181000,13.0
Custom,42,182000,22.0
Custom,42,183000,9.0
Custom,42,184000,13.0
Custom,42,185000,7.0
Custom,42,186000,7.0
Custom,42,187000,2.0
Custom,42,188000,7.0
Custom,42,189000,5.0
Custom,42,190000,13.0
Custom,42,191000,21.0
Custom,42,192000,7.0
Custom,42,193000,7.0
Custom,42,194000,9.0
Custom,42,195000,4.0
Custom,42,196000,5.0
Custom,42,197000,10.0
Custom,42,198000,5.0
Custom,42,199000,10.0
Custom,42,200000,12.0
Custom,42,201000,13.0
Custom,42,202000,17.0
Custom,42,203000,13.0
Custom,42,204000,4.0
Custom,42,205000,12.0
Custom,42,206000,6.0
Custom,42,207000,4.0
Custom,42,208000,10.0
Custom,42,209000,13.0
Custom,42,210000,5.0
Custom,42,211000,4.0
Custom,42,212000,4.0
Custom,42,213000,4.0
Custom,42,214000,5.0
Custom,42,215000,3.0
Custom,42,216000,3.0
Custom,42,217000,7.0
Custom,42,218000,11.0
Custom,42,219000,8.0
Custom,42,220000,20.0
Custom,42,221000,11.0
Custom,42,222000,20.0
Custom,42,223000,4.0
Custom,42,224000,8.0
Custom,42,225000,7.0
Custom,42,226000,9.0
Custom,42,227000,9.0
Custom,42,228000,11.0
Custom,42,229000,5.0
Custom,42,230000,3.0
Custom,42,231000,3.0
Custom,42,232000,5.0
Custom,42,233000,4.0
Custom,42,234000,4.0
Custom,42,235000,7.0
Custom,42,236000,5.0
Custom,42,237000,12.0
Custom,42,238000,6.0
Custom,42,239000,5.0
Custom,42,240000,8.0
Custom,42,241000,11.0
Custom,42,242000,5.0
Custom,42,243000,8.0
Custom,42,244000,6.0
Custom,42,245000,4.0
Custom,42,246000,28.0
Custom,42,247000,8.0
Custom,42,248000,26.0
Custom,42,249000,22.0
Custom,42,250000,7.0
Custom,42,251000,4.0
Custom,42,252000,20.0
Custom,42,253000,6.0
Custom,42,254000,5.0
Custom,42,255000,5.0
Custom,42,256000,3.0
Custom,42,257000,16.0
Custom,42,258000,16.0
Custom,42,259000,5.0
Custom,42,260000,4.0
Custom,42,261000,6.0
Custom,42,262000,12.0
Custom,42,263000,6.0
Custom,42,264000,6.0
Custom,42,265000,10.0
Custom,42,266000,15.0
Custom,42,267000,8.0
Custom,42,268000,7.0
Custom,42,269000,11.0
Custom,42,270000,2.0
Custom,42,271000,13.0
Custom,42,272000,37.0
Custom,42,273000,32.0
Custom,42,274000,5.0
Custom,42,275000,8.0
Custom,42,276000,6.0
Custom,42,277000,4.0
Custom,42,278000,4.0
Custom,42,279000,6.0
Custom,42,280000,3.0
Custom,42,281000,6.0
Custom,42,282000,3.0
Custom,42,283000,14.0
Custom,42,284000,16.0
Custom,42,285000,4.0
Custom,42,286000,5.0
Custom,42,287000,9.0
Custom,42,288000,23.0
Custom,42,289000,22.0
Custom,42,290000,5.0
Custom,42,291000,7.0
Custom,42,292000,3.0
Custom,42,293000,8.0
Custom,42,294000,3.0
Custom,42,295000,10.0
Custom,42,296000,4.0
Custom,42,297000,7.0
Custom,42,298000,6.0
Custom,42,299000,3.0
Custom,42,300000,6.0
Custom,42,301000,7.0
Custom,42,302000,4.0
Custom,42,303000,6.0
Custom,42,304000,22.0
Custom,42,305000,6.0
Custom,42,306000,5.0
Custom,42,307000,3.0
Custom,42,308000,3.0
Custom,42,309000,13.0
Custom,42,310000,4.0
Custom,42,311000,3.0
Custom,42,312000,12.0
Custom,42,313000,11.0
Custom,42,314000,8.0
Custom,42,315000,4.0
Custom,42,316000,15.0
Custom,42,317000,4.0
Custom,42,318000,13.0
Custom,42,319000,7.0
Custom,42,320000,13.0
Custom,42,321000,12.0
Custom,42,322000,5.0
Custom,42,323000,8.0
Custom,42,324000,6.0
Custom,42,325000,7.0
Custom,42,326000,4.0
Custom,42,327000,7.0
Custom,42,328000,26.0
Custom,42,329000,12.0
Custom,42,330000,17.0
Custom,42,331000,4.0
Custom,42,332000,8.0
Custom,42,333000,4.0
Custom,42,334000,8.0
Custom,42,335000,12.0
Custom,42,336000,9.0
Custom,42,337000,8.0
Custom,42,338000,7.0
Custom,42,339000,19.0
Custom,42,340000,7.0
Custom,42,341000,3.0
Custom,42,342000,14.0
Custom,42,343000,3.0
Custom,42,344000,6.0
Custom,42,345000,11.0
Custom,42,346000,4.0
Custom,42,347000,8.0
Custom,42,348000,12.0
Custom,42,349000,4.0
Custom,42,350000,4.0
Custom,42,351000,20.0
Custom,42,352000,5.0
Custom,42,353000,4.0
Custom,42,354000,11.0
Custom,42,355000,3.0
Custom,42,356000,6.0
Custom,42,357000,4.0
Custom,42,358000,3.0
Custom,42,359000,11.0
Custom,42,360000,7.0
Custom,42,361000,7.0
Custom,42,362000,7.0
Custom,42,363000,6.0
Custom,42,364000,3.0
Custom,42,365000,7.0
Custom,42,366000,6.0
Custom,42,367000,8.0
Custom,42,368000,6.0
Custom,42,369000,10.0
Custom,42,370000,6.0
Custom,42,371000,6.0
Custom,42,372000,4.0
Custom,42,373000,4.0
Custom,42,374000,9.0
Custom,42,375000,5.0
Custom,42,376000,9.0
Custom,42,377000,3.0
Custom,42,378000,3.0
Custom,42,379000,9.0
Custom,42,380000,3.0
Custom,42,381000,8.0
Custom,42,382000,4.0
Custom,42,383000,12.0
Custom,42,384000,4.0
Custom,42,385000,3.0
Custom,42,386000,8.0
Custom,42,387000,4.0
Custom,42,388000,17.0
Custom,42,389000,4.0
Custom,42,390000,5.0
Custom,42,391000,3.0
Custom,42,392000,5.0
Custom,42,393000,20.0
Custom,42,394000,3.0
Custom,42,395000,7.0
Custom,42,396000,3.0
Custom,42,397000,4.0
Custom,42,398000,30.0
Custom,42,399000,3.0
Custom,42,400000,4.0
Custom,42,401000,6.0
Custom,42,402000,6.0
Custom,42,403000,3.0
Custom,42,404000,14.0
Custom,42,405000,6.0
Custom,42,406000,8.0
Custom,42,407000,8.0
Custom,42,408000,6.0
Custom,42,409000,20.0
Custom,42,410000,4.0
Custom,42,411000,8.0
Custom,42,412000,11.0
Custom,42,413000,11.0
Custom,42,414000,5.0
Custom,42,415000,10.0
Custom,42,416000,3.0
Custom,42,417000,7.0
Custom,42,418000,6.0
Custom,42,419000,5.0
Custom,42,420000,7.0
Custom,42,421000,9.0
Custom,42,422000,7.0
Custom,42,423000,3.0
Custom,42,424000,3.0
Custom,42,425000,6.0
Custom,42,426000,8.0
Custom,42,427000,38.0
Custom,42,428000,9.0
Custom,42,429000,9.0
Custom,42,430000,4.0
Custom,42,431000,7.0
Custom,42,432000,5.0
Custom,42,433000,6.0
Custom,42,434000,3.0
Custom,42,435000,13.0
Custom,42,436000,3.0
Custom,42,437000,6.0
Custom,42,438000,13.0
Custom,42,439000,4.0
Custom,42,440000,6.0
Custom,42,441000,7.0
Custom,42,442000,26.0
Custom,42,443000,7.0
Custom,42,444000,6.0
Custom,42,445000,26.0
Custom,42,446000,7.0
Custom,42,447000,23.0
Custom,42,448000,16.0
Custom,42,449000,6.0
Custom,42,450000,3.0
Custom,42,451000,6.0
Custom,42,452000,5.0
Custom,42,453000,6.0
Custom,42,454000,9.0
Custom,42,455000,10.0
Custom,42,456000,9.0
Custom,42,457000,5.0
Custom,42,458000,4.0
Custom,42,459000,12.0
Custom,42,460000,7.0
Custom,42,461000,5.0
Custom,42,462000,4.0
Custom,42,463000,5.0
Custom,42,464000,20.0
Custom,42,465000,10.0
Custom,42,466000,7.0
Custom,42,467000,4.0
Custom,42,468000,5.0
Custom,42,469000,8.0
Custom,42,470000,16.0
Custom,42,471000,5.0
Custom,42,472000,15.0
Custom,42,473000,2.0
Custom,42,474000,6.0
Custom,42,475000,21.0
Custom,42,476000,4.0
Custom,42,477000,3.0
Custom,42,478000,6.0
Custom,42,479000,3.0
Custom,42,480000,20.0
Custom,42,481000,5.0
Custom,42,482000,7.0
Custom,42,483000,7.0
Custom,42,484000,9.0
Custom,42,485000,5.0
Custom,42,486000,8.0
Custom,42,487000,8.0
Custom,42,488000,3.0
Custom,42,489000,6.0
Custom,42,490000,7.0
Custom,42,491000,3.0
Custom,42,492000,6.0
Custom,42,493000,11.0
Custom,42,494000,15.0
Custom,42,495000,5.0
Custom,42,496000,9.0
Custom,42,497000,12.0
Custom,42,498000,11.0
Custom,42,499000,10.0
Custom,42,500000,6.0
Custom,42,501000,7.0
