Epoch,AverageEpRet,StdEpRet,MaxEpRet,MinEpRet,AverageEpCost,StdEpCost,MaxEpCost,MinEpCost,EpLen,CumulativeCost,CostRate,AverageVVals,StdVVals,MaxVVals,MinVVals,AverageCostVVals,StdCostVVals,MaxCostVVals,MinCostVVals,LossPi,DeltaLossPi,SurrCost,DeltaSurrCost,LossV,DeltaLossV,LossVC,DeltaLossVC,Penalty,DeltaPenalty,Optim_A,Optim_B,Optim_c,Optim_q,Optim_r,Optim_s,Optim_Lam,Optim_Nu,OptimCase,Margin,BacktrackIters,Entropy,KL,TotalEnvInteracts,Time,ViolationsPerEpoch,ViolationRate
0,19.23077,8.678921,56.0,8.0,0.0,0.0,0.0,0.0,19.23077,0.0,0.0,0.004734875,0.18545954,0.48927596,-0.4905645,-0.0065719155,0.15148701,0.41836017,-0.3926669,5.6266785e-08,-0.009889117,-7.1525574e-10,-7.628441e-06,181.50928,-23.429077,0.022991505,-0.022942599,0.0,0.0,0.009752653,-2.0985076,-0.025999999,0.009752728,4.9063983e-06,0.00032060585,0.987559,0.0,3.0,0.0,0.0,0.68541145,0.004306603,5000,4.699570894241333,0,0.0
1,22.345291,11.994471,94.0,9.0,0.0,0.0,0.0,0.0,22.345291,0.0,0.0,1.0938717,0.23688368,1.472668,0.20015763,0.00034307485,0.0064973286,0.058758687,-0.052201115,-4.825592e-08,-0.015241666,4.172325e-11,-2.9755088e-06,243.01888,-81.41559,4.232366e-05,-2.0008723e-05,0.0,0.0,0.022153918,-8937.523,-0.02237608,0.022642413,5.231248e-06,5.6020927e-08,1.5047396,0.0,3.0,0.0,0.0,0.69226545,0.004635125,10000,8.986999034881592,0,0.0
2,23.990385,12.940689,80.0,9.0,0.042146865,0.5979679,8.64455,0.0,23.990385,8.766548,0.0005844365,5.0142984,0.33129695,5.7892575,3.3115895,-0.00027076868,0.004415168,0.026209343,-0.042628564,-4.4631957e-08,-0.016704338,-4.374981e-09,0.0007510274,188.03215,-66.62885,0.5380513,-0.11596328,0.0,0.0,0.023834592,-0.8957646,-0.01908486,0.027611293,-0.00123236,0.00040212643,1.6616646,0.0,3.0,0.0,0.0,0.69015974,0.0043888967,15000,13.23611617088318,0,0.0
3,30.078789,17.063158,108.0,9.0,0.0062089046,0.067901924,0.8661912,0.0,30.078789,9.791017,0.0004895508,9.864381,0.72744036,11.585623,5.6567297,0.056553908,0.31808162,1.810685,-1.5495691,3.1280518e-08,-0.016056255,4.768372e-10,0.00057571277,213.9145,-47.764175,0.091227785,-0.08620003,0.0,0.0,0.022178572,-1.0997835,-0.016416589,0.025589619,-0.00091013877,0.0002428441,1.5996755,0.0,3.0,0.0,0.0,0.6818898,0.004353254,20000,17.528393983840942,0,0.0
4,38.898438,25.67338,145.0,10.0,0.7485448,5.0495067,52.67041,0.0,38.898438,105.60474,0.0042241896,13.958438,1.2533362,16.086956,7.0174217,0.022733709,0.09698131,0.5696156,-0.38935047,3.7765503e-08,-0.013523587,3.5130977e-08,-0.0065546995,339.25983,-57.980347,23.894293,-5.915264,1.2226851,0.0,0.035554968,0.007706724,0.0063895835,0.039188683,-0.008043031,0.017802821,2.1479058,1.2226851,1.0,0.0,0.0,0.66916955,0.004060036,25000,21.81009793281555,0,0.0
5,39.944,20.992685,100.0,10.0,0.14899896,1.0477691,10.767496,0.0,39.944,124.22959,0.0041409866,17.927877,1.516055,20.005276,7.408178,0.7540695,1.5789741,8.145156,-6.648714,5.340576e-09,-0.015232293,-2.1743775e-08,0.003158619,205.1549,-13.969086,3.334253,-2.3003983,0.0,0.0,0.019660892,-0.0022778083,-0.008787327,0.02320905,-0.0047238697,0.006289162,1.5234517,0.0,3.0,0.0,0.0,0.654986,0.0039517013,30000,26.09393072128296,0,0.0
6,59.13253,33.030388,161.0,11.0,0.55249256,2.228275,16.176153,0.0,59.13253,170.08646,0.0048596133,19.20828,2.7467978,21.564222,-4.174788,0.28628266,0.7044431,3.3417108,-3.2714632,1.6975402e-08,-0.011081123,-8.010864e-09,-0.0011207206,444.99255,-68.364075,3.9955406,-0.8598466,2.1505446,0.0,0.01715716,0.009766192,0.00088771037,0.028094972,-0.0060716593,0.0033704229,1.3254399,2.1505446,1.0,0.0,0.0,0.6447481,0.0032149928,35000,30.2456488609314,0,0.0
7,58.72619,30.748344,146.0,11.0,0.9113938,2.8673077,17.205395,0.0,58.72619,246.64355,0.006166089,23.155853,2.2653828,24.461052,-1.5210028,0.38644078,0.3873776,1.5080179,-0.62501454,1.0490417e-08,-0.00090511504,-7.1048736e-09,-0.0074519673,342.23822,-23.875458,5.1049294,-0.40469074,2.0561166,0.0,0.015816256,0.006159037,0.0070052873,0.033530373,-0.01504408,0.012776497,1.6024904,2.0561166,1.0,0.0,0.0,0.6307229,0.0036301808,40000,34.51887392997742,0,0.0
8,71.1,33.99796,183.0,16.0,0.45351934,1.3050776,7.480521,0.0,71.1,278.38986,0.0061864415,24.650738,4.1233354,26.210655,-16.559248,0.86280507,0.14725867,1.3094264,0.3634288,2.8800965e-08,-0.004818499,-1.1348725e-08,0.00063336705,407.90015,-31.881958,1.1104811,-0.32202154,1.6009713,0.0,0.0012622578,0.009910453,-0.0006537364,0.014253533,-0.007874172,0.004772633,0.35688415,1.6009713,2.0,0.0,0.0,0.6253471,0.0023847145,45000,38.85432720184326,0,0.0
9,73.19118,29.380493,188.0,22.0,0.37046674,0.847309,4.141346,0.0,73.19118,303.58182,0.0060716365,26.736506,3.882101,28.193394,-15.541527,0.34494594,0.23540352,0.97837687,-0.383518,-4.043579e-08,-0.007511707,8.2850454e-10,0.0014368527,338.89438,-17.046265,0.31371036,-0.003963381,1.1666492,0.0,0.003747778,0.0068006497,-0.0017697933,0.0099089835,-0.0024559782,0.0009790014,0.74235517,1.1666492,2.0,0.0,1.0,0.61978596,0.0026587402,50000,42.79930114746094,0,0.0
10,88.33929,28.804934,176.0,27.0,0.4754427,1.2554041,7.819286,0.0,88.33929,330.20642,0.0060037533,28.081606,4.833487,29.702097,-19.71144,0.3050876,0.23832384,0.8935986,-0.3770044,-1.01089475e-08,-0.003901182,1.7881393e-09,0.00024049959,390.6603,-28.842896,0.62734854,-0.0012289882,1.67621,0.0,0.0013607354,0.0099531105,-0.00027798835,0.0063423426,-0.0028653182,0.0016480723,0.36974937,1.67621,2.0,0.0,0.0,0.61138064,0.0033157615,55000,47.14096450805664,0,0.0
11,91.92593,30.475767,167.0,41.0,0.33115718,0.8245818,5.010045,0.0,91.92593,348.08902,0.0058014835,30.049366,5.1422524,31.666395,-19.15193,0.3069858,0.18466574,0.8371605,-0.21155068,1.0967255e-09,-0.00850431,-4.005432e-09,0.0015076713,390.51816,-23.463654,0.30227956,-0.023804575,1.9142168,0.0,0.0033771833,0.007074091,-0.0018367269,0.013857537,-0.0034761794,0.0011529976,0.69094265,1.9142168,2.0,0.0,1.0,0.58966416,0.0025018684,60000,51.42017126083374,0,0.0
12,98.52,28.770292,165.0,39.0,1.0240024,1.6155024,7.648792,0.0,98.52,399.2892,0.006142911,31.190863,7.492702,33.441734,-28.179554,0.20851977,0.085262835,0.55296355,-0.06129924,1.2397766e-09,0.0064761383,-6.0200693e-09,-0.005312565,394.85956,-23.622131,1.1929058,-0.14489377,2.7263112,0.0,0.0007909825,0.0011145622,0.005318742,0.006329717,-0.0041992795,0.0031837502,0.8424251,2.7263112,1.0,0.0,0.0,0.59184784,0.004501909,65000,55.81996965408325,0,0.0
13,95.52941,25.798885,159.0,47.0,0.31290954,0.85711557,5.025554,0.0,95.52941,415.24756,0.005932108,33.77657,5.281701,35.127254,-18.98726,0.5918339,0.070099965,0.8054166,0.26346242,6.866455e-09,-0.005500829,8.5830685e-09,0.0016207926,366.93945,-10.304138,0.47033873,-0.16683957,1.2541392,0.0,0.0016940697,0.008324153,-0.0019584592,0.007851114,-0.0037539063,0.0022887303,0.45112365,1.2541392,2.0,0.0,1.0,0.58763903,0.0021481288,70000,60.14704871177673,0,0.0
14,103.1875,34.249485,216.0,65.0,0.40820232,0.5707291,2.3473847,0.0,103.1875,434.84152,0.0057978868,34.961967,5.522543,36.257973,-21.299389,0.20119944,0.08207573,0.5075397,-0.10764695,-2.193451e-08,-0.0028364,-3.4570694e-10,0.00073678425,424.929,-12.0130005,0.14452812,-0.0080552995,1.8456111,0.0,0.00029619643,0.008896356,-0.00088962016,0.0033748471,-0.0014858345,0.00071710115,0.18246679,1.8456111,2.0,0.0,1.0,0.58155,0.0015294012,75000,64.46408796310425,0,0.0
15,101.081635,29.730654,230.0,61.0,0.6483533,1.0303489,4.737291,0.0,101.081635,466.61066,0.005832633,35.132893,7.793343,37.500504,-25.137836,0.24760237,0.042992912,0.4072698,0.08439039,3.6430357e-08,-0.0012056798,2.5689602e-09,-0.0015226294,359.66296,-11.476074,0.44383857,-0.01549691,1.6098194,0.0,0.0012358858,0.00882867,0.0014676581,0.004397611,-0.002411278,0.0018389521,0.37414637,1.6098194,1.0,0.0,0.0,0.5756941,0.0042088726,80000,68.49171471595764,0,0.0
16,110.066666,30.698822,194.0,68.0,0.48029602,0.7220168,2.5874996,0.0,110.066666,488.22397,0.0057438114,36.089207,7.337126,38.492702,-16.966183,0.36603844,0.04437779,0.514338,0.17932755,-3.347397e-08,-0.0020793031,-8.761883e-10,0.00014650759,383.43524,-15.821655,0.21326518,-0.012006834,0.4913523,0.0,0.00066159724,0.009973318,-0.00017901864,0.000998665,-0.00063628436,0.0012011168,0.25755915,0.4913523,2.0,0.0,1.0,0.561724,0.0017971001,85000,72.45519065856934,0,0.0
17,96.62745,28.52791,179.0,56.0,0.43860242,0.63820684,2.624113,0.0,96.62745,510.59277,0.005673253,36.843624,8.286037,39.859882,-11.298021,0.24874128,0.055733457,0.4340773,0.06707088,-8.9645384e-09,-0.0026712087,-2.3007394e-09,0.00056859356,322.85696,-2.854187,0.17629309,-0.0021220148,0.5958771,0.0,0.0007660364,0.009707386,-0.0006354052,0.0014917715,-0.0010006735,0.0013797699,0.28091413,0.5958771,2.0,0.0,1.0,0.54363674,0.001538446,90000,76.77597212791443,0,0.0
18,97.745094,27.29206,172.0,53.0,0.33871928,0.50541306,2.201989,0.0,97.745094,527.8675,0.0055565,37.011974,8.36424,40.302475,-7.150163,0.2885942,0.04259569,0.44897342,0.116861686,5.1498414e-09,-0.009357186,1.2755395e-09,0.0015382936,310.8858,-1.9721375,0.11012322,-0.013776258,2.1314435,0.0,0.0015043095,0.0031578415,-0.0016500135,0.011426379,-0.0019869735,0.00039790725,0.6901976,2.1314435,2.0,0.0,0.0,0.5420433,0.0042254217,95000,81.06898403167725,0,0.0
19,107.67391,27.43693,180.0,70.0,0.64926696,0.8706781,4.011815,0.0,107.67391,557.73413,0.005577341,37.775417,8.189494,40.623974,-7.3475666,0.20644204,0.110115066,0.6069591,-0.11429755,4.196167e-09,0.00086409587,1.9669533e-09,-0.0015110291,352.36893,-4.166626,0.30813685,-0.038882047,3.103387,0.0,0.0011168066,0.008134206,0.0013862872,0.008104968,-0.0026828896,0.001030013,0.37053686,3.103387,1.0,0.0,0.0,0.5410578,0.0026992215,100000,85.42378568649292,0,0.0
