environment,timesteps,mean_metric,std_metric
Standard,0.0,7.0,0.0
Standard,2000.0,6.0,0.0
Standard,4000.0,15.0,0.0
Standard,6000.0,4.0,0.0
Standard,8000.0,12.0,0.0
Standard,10000.0,8.0,0.0
Standard,12000.0,8.0,0.0
Standard,14000.0,24.0,0.0
Standard,16000.0,8.0,0.0
Standard,18000.0,12.0,0.0
Standard,20000.0,10.0,0.0
Standard,22000.0,3.0,0.0
Standard,24000.0,11.0,0.0
Standard,26000.0,12.0,0.0
Standard,28000.0,8.0,0.0
Standard,30000.0,20.0,0.0
Standard,32000.0,12.0,0.0
Standard,34000.0,10.0,0.0
Standard,36000.0,18.0,0.0
Standard,38000.0,6.0,0.0
Standard,40000.0,9.0,0.0
Standard,42000.0,37.0,0.0
Standard,44000.0,41.0,0.0
Standard,46000.0,18.0,0.0
Standard,48000.0,21.0,0.0
Standard,50000.0,17.0,0.0
Standard,52000.0,26.0,0.0
Standard,54000.0,24.0,0.0
Standard,56000.0,17.0,0.0
Standard,58000.0,46.0,0.0
Standard,60000.0,39.0,0.0
Standard,62000.0,48.0,0.0
Standard,64000.0,48.0,0.0
Standard,66000.0,111.0,0.0
Standard,68000.0,19.0,0.0
Standard,70000.0,51.0,0.0
Standard,72000.0,54.0,0.0
Standard,74000.0,83.0,0.0
Standard,76000.0,41.0,0.0
Standard,78000.0,40.0,0.0
Standard,80000.0,37.0,0.0
Standard,82000.0,78.0,0.0
Standard,84000.0,26.0,0.0
Standard,86000.0,25.0,0.0
Standard,88000.0,5.0,0.0
Standard,90000.0,34.0,0.0
Standard,92000.0,31.0,0.0
Standard,94000.0,48.0,0.0
Standard,96000.0,63.0,0.0
Standard,98000.0,75.0,0.0
Standard,100000.0,69.0,0.0
Standard,102000.0,35.0,0.0
Standard,104000.0,43.0,0.0
Standard,106000.0,51.0,0.0
Standard,108000.0,58.0,0.0
Standard,110000.0,61.0,0.0
Standard,112000.0,47.0,0.0
Standard,114000.0,36.0,0.0
Standard,116000.0,43.0,0.0
Standard,118000.0,60.0,0.0
Standard,120000.0,47.0,0.0
Standard,122000.0,36.0,0.0
Standard,124000.0,64.0,0.0
Standard,126000.0,67.0,0.0
Standard,128000.0,66.0,0.0
Standard,130000.0,48.0,0.0
Standard,132000.0,97.0,0.0
Standard,134000.0,75.0,0.0
Standard,136000.0,89.0,0.0
Standard,138000.0,82.0,0.0
Standard,140000.0,87.0,0.0
Standard,142000.0,94.0,0.0
Standard,144000.0,128.0,0.0
Standard,146000.0,70.0,0.0
Standard,148000.0,63.0,0.0
Standard,150000.0,73.0,0.0
Standard,152000.0,91.0,0.0
Standard,154000.0,85.0,0.0
Standard,156000.0,46.0,0.0
Standard,158000.0,132.0,0.0
Standard,160000.0,88.0,0.0
Standard,162000.0,94.0,0.0
Standard,164000.0,52.0,0.0
Standard,166000.0,116.0,0.0
Standard,168000.0,128.0,0.0
Standard,170000.0,132.0,0.0
Standard,172000.0,157.0,0.0
Standard,174000.0,146.0,0.0
Standard,176000.0,153.0,0.0
Standard,178000.0,200.0,0.0
Standard,180000.0,144.0,0.0
Standard,182000.0,157.0,0.0
Standard,184000.0,187.0,0.0
Standard,186000.0,159.0,0.0
Standard,188000.0,150.0,0.0
Standard,190000.0,116.0,0.0
Standard,192000.0,137.0,0.0
Standard,194000.0,168.0,0.0
Standard,196000.0,198.0,0.0
Standard,198000.0,256.0,0.0
Standard,200000.0,267.0,0.0
Standard,202000.0,375.0,0.0
Standard,204000.0,286.0,0.0
Standard,206000.0,300.0,0.0
Standard,208000.0,321.0,0.0
Standard,210000.0,361.0,0.0
Standard,212000.0,277.0,0.0
Standard,214000.0,687.0,0.0
Standard,216000.0,396.0,0.0
Standard,218000.0,736.0,0.0
Standard,220000.0,792.0,0.0
Standard,222000.0,937.0,0.0
Standard,224000.0,1000.0,0.0
Standard,226000.0,1000.0,0.0
Standard,228000.0,1000.0,0.0
Standard,230000.0,1000.0,0.0
Standard,232000.0,1000.0,0.0
Standard,234000.0,1000.0,0.0
Standard,236000.0,1000.0,0.0
Standard,238000.0,1000.0,0.0
Standard,240000.0,1000.0,0.0
Standard,242000.0,1000.0,0.0
Standard,244000.0,1000.0,0.0
Standard,246000.0,1000.0,0.0
Standard,248000.0,1000.0,0.0
Standard,250000.0,1000.0,0.0
Custom,0.0,7.0,0.0
Custom,2000.0,6.0,0.0
Custom,4000.0,14.0,0.0
Custom,6000.0,3.0,0.0
Custom,8000.0,8.0,0.0
Custom,10000.0,7.0,0.0
Custom,12000.0,7.0,0.0
Custom,14000.0,19.0,0.0
Custom,16000.0,7.0,0.0
Custom,18000.0,10.0,0.0
Custom,20000.0,9.0,0.0
Custom,22000.0,4.0,0.0
Custom,24000.0,12.0,0.0
Custom,26000.0,15.0,0.0
Custom,28000.0,16.0,0.0
Custom,30000.0,19.0,0.0
Custom,32000.0,16.0,0.0
Custom,34000.0,12.0,0.0
Custom,36000.0,13.0,0.0
Custom,38000.0,6.0,0.0
Custom,40000.0,9.0,0.0
Custom,42000.0,34.0,0.0
Custom,44000.0,24.0,0.0
Custom,46000.0,18.0,0.0
Custom,48000.0,23.0,0.0
Custom,50000.0,38.0,0.0
Custom,52000.0,15.0,0.0
Custom,54000.0,47.0,0.0
Custom,56000.0,7.0,0.0
Custom,58000.0,40.0,0.0
Custom,60000.0,21.0,0.0
Custom,62000.0,25.0,0.0
Custom,64000.0,19.0,0.0
Custom,66000.0,20.0,0.0
Custom,68000.0,11.0,0.0
Custom,70000.0,18.0,0.0
Custom,72000.0,17.0,0.0
Custom,74000.0,33.0,0.0
Custom,76000.0,25.0,0.0
Custom,78000.0,18.0,0.0
Custom,80000.0,36.0,0.0
Custom,82000.0,33.0,0.0
Custom,84000.0,16.0,0.0
Custom,86000.0,17.0,0.0
Custom,88000.0,28.0,0.0
Custom,90000.0,41.0,0.0
Custom,92000.0,36.0,0.0
Custom,94000.0,43.0,0.0
Custom,96000.0,51.0,0.0
Custom,98000.0,58.0,0.0
Custom,100000.0,50.0,0.0
Custom,102000.0,27.0,0.0
Custom,104000.0,21.0,0.0
Custom,106000.0,39.0,0.0
Custom,108000.0,42.0,0.0
Custom,110000.0,59.0,0.0
Custom,112000.0,76.0,0.0
Custom,114000.0,38.0,0.0
Custom,116000.0,35.0,0.0
Custom,118000.0,48.0,0.0
Custom,120000.0,30.0,0.0
Custom,122000.0,44.0,0.0
Custom,124000.0,59.0,0.0
Custom,126000.0,107.0,0.0
Custom,128000.0,77.0,0.0
Custom,130000.0,55.0,0.0
Custom,132000.0,89.0,0.0
Custom,134000.0,58.0,0.0
Custom,136000.0,52.0,0.0
Custom,138000.0,63.0,0.0
Custom,140000.0,67.0,0.0
Custom,142000.0,111.0,0.0
Custom,144000.0,132.0,0.0
Custom,146000.0,117.0,0.0
Custom,148000.0,132.0,0.0
Custom,150000.0,97.0,0.0
Custom,152000.0,137.0,0.0
Custom,154000.0,167.0,0.0
Custom,156000.0,161.0,0.0
Custom,158000.0,147.0,0.0
Custom,160000.0,311.0,0.0
Custom,162000.0,188.0,0.0
Custom,164000.0,134.0,0.0
Custom,166000.0,206.0,0.0
Custom,168000.0,195.0,0.0
Custom,170000.0,280.0,0.0
Custom,172000.0,237.0,0.0
Custom,174000.0,150.0,0.0
Custom,176000.0,135.0,0.0
Custom,178000.0,192.0,0.0
Custom,180000.0,195.0,0.0
Custom,182000.0,200.0,0.0
Custom,184000.0,307.0,0.0
Custom,186000.0,661.0,0.0
Custom,188000.0,409.0,0.0
Custom,190000.0,485.0,0.0
Custom,192000.0,456.0,0.0
Custom,194000.0,1000.0,0.0
Custom,196000.0,1000.0,0.0
Custom,198000.0,1000.0,0.0
Custom,200000.0,1000.0,0.0
Custom,202000.0,1000.0,0.0
Custom,204000.0,1000.0,0.0
Custom,206000.0,1000.0,0.0
Custom,208000.0,1000.0,0.0
Custom,210000.0,1000.0,0.0
Custom,212000.0,1000.0,0.0
Custom,214000.0,1000.0,0.0
Custom,216000.0,1000.0,0.0
Custom,218000.0,1000.0,0.0
Custom,220000.0,1000.0,0.0
Custom,222000.0,1000.0,0.0
Custom,224000.0,1000.0,0.0
Custom,226000.0,1000.0,0.0
Custom,228000.0,1000.0,0.0
Custom,230000.0,1000.0,0.0
Custom,232000.0,1000.0,0.0
Custom,234000.0,1000.0,0.0
Custom,236000.0,1000.0,0.0
Custom,238000.0,1000.0,0.0
Custom,240000.0,1000.0,0.0
Custom,242000.0,1000.0,0.0
Custom,244000.0,1000.0,0.0
Custom,246000.0,1000.0,0.0
Custom,248000.0,1000.0,0.0
Custom,250000.0,1000.0,0.0
