timesteps,return
3.000000000000000000e+01,3.000000000000000000e+01
5.000000000000000000e+01,2.000000000000000000e+01
7.000000000000000000e+01,2.000000000000000000e+01
9.200000000000000000e+01,2.200000000000000000e+01
1.180000000000000000e+02,2.600000000000000000e+01
1.520000000000000000e+02,3.400000000000000000e+01
1.860000000000000000e+02,3.400000000000000000e+01
1.990000000000000000e+02,1.300000000000000000e+01
2.480000000000000000e+02,4.900000000000000000e+01
2.640000000000000000e+02,1.600000000000000000e+01
2.860000000000000000e+02,2.200000000000000000e+01
3.210000000000000000e+02,3.500000000000000000e+01
3.540000000000000000e+02,3.300000000000000000e+01
3.710000000000000000e+02,1.700000000000000000e+01
4.040000000000000000e+02,3.300000000000000000e+01
4.160000000000000000e+02,1.200000000000000000e+01
4.330000000000000000e+02,1.700000000000000000e+01
4.490000000000000000e+02,1.600000000000000000e+01
4.710000000000000000e+02,2.200000000000000000e+01
5.010000000000000000e+02,3.000000000000000000e+01
5.210000000000000000e+02,2.000000000000000000e+01
5.370000000000000000e+02,1.600000000000000000e+01
5.990000000000000000e+02,6.200000000000000000e+01
6.090000000000000000e+02,1.000000000000000000e+01
6.350000000000000000e+02,2.600000000000000000e+01
6.510000000000000000e+02,1.600000000000000000e+01
6.650000000000000000e+02,1.400000000000000000e+01
6.750000000000000000e+02,1.000000000000000000e+01
6.860000000000000000e+02,1.100000000000000000e+01
7.040000000000000000e+02,1.800000000000000000e+01
7.220000000000000000e+02,1.800000000000000000e+01
7.420000000000000000e+02,2.000000000000000000e+01
7.820000000000000000e+02,4.000000000000000000e+01
7.970000000000000000e+02,1.500000000000000000e+01
8.100000000000000000e+02,1.300000000000000000e+01
8.410000000000000000e+02,3.100000000000000000e+01
8.680000000000000000e+02,2.700000000000000000e+01
8.770000000000000000e+02,9.000000000000000000e+00
8.940000000000000000e+02,1.700000000000000000e+01
9.200000000000000000e+02,2.600000000000000000e+01
9.420000000000000000e+02,2.200000000000000000e+01
9.560000000000000000e+02,1.400000000000000000e+01
9.800000000000000000e+02,2.400000000000000000e+01
9.880000000000000000e+02,8.000000000000000000e+00
1.014000000000000000e+03,2.600000000000000000e+01
1.030000000000000000e+03,1.600000000000000000e+01
1.043000000000000000e+03,1.300000000000000000e+01
1.073000000000000000e+03,3.000000000000000000e+01
1.114000000000000000e+03,4.100000000000000000e+01
1.159000000000000000e+03,4.500000000000000000e+01
1.208000000000000000e+03,4.900000000000000000e+01
1.217000000000000000e+03,9.000000000000000000e+00
1.228000000000000000e+03,1.100000000000000000e+01
1.244000000000000000e+03,1.600000000000000000e+01
1.265000000000000000e+03,2.100000000000000000e+01
1.285000000000000000e+03,2.000000000000000000e+01
1.306000000000000000e+03,2.100000000000000000e+01
1.325000000000000000e+03,1.900000000000000000e+01
1.351000000000000000e+03,2.600000000000000000e+01
1.367000000000000000e+03,1.600000000000000000e+01
1.383000000000000000e+03,1.600000000000000000e+01
1.393000000000000000e+03,1.000000000000000000e+01
1.409000000000000000e+03,1.600000000000000000e+01
1.425000000000000000e+03,1.600000000000000000e+01
1.445000000000000000e+03,2.000000000000000000e+01
1.458000000000000000e+03,1.300000000000000000e+01
1.471000000000000000e+03,1.300000000000000000e+01
1.481000000000000000e+03,1.000000000000000000e+01
1.494000000000000000e+03,1.300000000000000000e+01
1.504000000000000000e+03,1.000000000000000000e+01
1.520000000000000000e+03,1.600000000000000000e+01
1.533000000000000000e+03,1.300000000000000000e+01
1.551000000000000000e+03,1.800000000000000000e+01
1.566000000000000000e+03,1.500000000000000000e+01
1.579000000000000000e+03,1.300000000000000000e+01
1.598000000000000000e+03,1.900000000000000000e+01
1.623000000000000000e+03,2.500000000000000000e+01
1.659000000000000000e+03,3.600000000000000000e+01
1.682000000000000000e+03,2.300000000000000000e+01
1.734000000000000000e+03,5.200000000000000000e+01
1.752000000000000000e+03,1.800000000000000000e+01
1.763000000000000000e+03,1.100000000000000000e+01
1.779000000000000000e+03,1.600000000000000000e+01
1.790000000000000000e+03,1.100000000000000000e+01
1.799000000000000000e+03,9.000000000000000000e+00
1.846000000000000000e+03,4.700000000000000000e+01
1.873000000000000000e+03,2.700000000000000000e+01
1.925000000000000000e+03,5.200000000000000000e+01
1.937000000000000000e+03,1.200000000000000000e+01
1.984000000000000000e+03,4.700000000000000000e+01
2.008000000000000000e+03,2.400000000000000000e+01
2.020000000000000000e+03,1.200000000000000000e+01
2.032000000000000000e+03,1.200000000000000000e+01
2.055000000000000000e+03,2.300000000000000000e+01
2.080000000000000000e+03,2.500000000000000000e+01
2.105000000000000000e+03,2.500000000000000000e+01
2.132000000000000000e+03,2.700000000000000000e+01
2.163000000000000000e+03,3.100000000000000000e+01
2.176000000000000000e+03,1.300000000000000000e+01
2.204000000000000000e+03,2.800000000000000000e+01
2.216000000000000000e+03,1.200000000000000000e+01
2.225000000000000000e+03,9.000000000000000000e+00
2.259000000000000000e+03,3.400000000000000000e+01
2.272000000000000000e+03,1.300000000000000000e+01
2.283000000000000000e+03,1.100000000000000000e+01
2.307000000000000000e+03,2.400000000000000000e+01
2.318000000000000000e+03,1.100000000000000000e+01
2.335000000000000000e+03,1.700000000000000000e+01
2.348000000000000000e+03,1.300000000000000000e+01
2.362000000000000000e+03,1.400000000000000000e+01
2.377000000000000000e+03,1.500000000000000000e+01
2.395000000000000000e+03,1.800000000000000000e+01
2.407000000000000000e+03,1.200000000000000000e+01
2.422000000000000000e+03,1.500000000000000000e+01
2.438000000000000000e+03,1.600000000000000000e+01
2.486000000000000000e+03,4.800000000000000000e+01
2.512000000000000000e+03,2.600000000000000000e+01
2.528000000000000000e+03,1.600000000000000000e+01
2.544000000000000000e+03,1.600000000000000000e+01
2.558000000000000000e+03,1.400000000000000000e+01
2.571000000000000000e+03,1.300000000000000000e+01
2.608000000000000000e+03,3.700000000000000000e+01
2.625000000000000000e+03,1.700000000000000000e+01
2.642000000000000000e+03,1.700000000000000000e+01
2.672000000000000000e+03,3.000000000000000000e+01
2.680000000000000000e+03,8.000000000000000000e+00
2.692000000000000000e+03,1.200000000000000000e+01
2.705000000000000000e+03,1.300000000000000000e+01
2.725000000000000000e+03,2.000000000000000000e+01
2.739000000000000000e+03,1.400000000000000000e+01
2.771000000000000000e+03,3.200000000000000000e+01
2.786000000000000000e+03,1.500000000000000000e+01
2.799000000000000000e+03,1.300000000000000000e+01
2.817000000000000000e+03,1.800000000000000000e+01
2.854000000000000000e+03,3.700000000000000000e+01
2.870000000000000000e+03,1.600000000000000000e+01
2.880000000000000000e+03,1.000000000000000000e+01
2.960000000000000000e+03,8.000000000000000000e+01
2.976000000000000000e+03,1.600000000000000000e+01
2.996000000000000000e+03,2.000000000000000000e+01
3.013000000000000000e+03,1.700000000000000000e+01
3.031000000000000000e+03,1.800000000000000000e+01
3.053000000000000000e+03,2.200000000000000000e+01
3.062000000000000000e+03,9.000000000000000000e+00
3.075000000000000000e+03,1.300000000000000000e+01
3.115000000000000000e+03,4.000000000000000000e+01
3.124000000000000000e+03,9.000000000000000000e+00
3.133000000000000000e+03,9.000000000000000000e+00
3.158000000000000000e+03,2.500000000000000000e+01
3.178000000000000000e+03,2.000000000000000000e+01
3.197000000000000000e+03,1.900000000000000000e+01
3.244000000000000000e+03,4.700000000000000000e+01
3.265000000000000000e+03,2.100000000000000000e+01
3.280000000000000000e+03,1.500000000000000000e+01
3.297000000000000000e+03,1.700000000000000000e+01
3.310000000000000000e+03,1.300000000000000000e+01
3.337000000000000000e+03,2.700000000000000000e+01
3.345000000000000000e+03,8.000000000000000000e+00
3.367000000000000000e+03,2.200000000000000000e+01
3.387000000000000000e+03,2.000000000000000000e+01
3.404000000000000000e+03,1.700000000000000000e+01
3.420000000000000000e+03,1.600000000000000000e+01
3.433000000000000000e+03,1.300000000000000000e+01
3.461000000000000000e+03,2.800000000000000000e+01
3.479000000000000000e+03,1.800000000000000000e+01
3.490000000000000000e+03,1.100000000000000000e+01
3.512000000000000000e+03,2.200000000000000000e+01
3.525000000000000000e+03,1.300000000000000000e+01
3.544000000000000000e+03,1.900000000000000000e+01
3.558000000000000000e+03,1.400000000000000000e+01
3.567000000000000000e+03,9.000000000000000000e+00
3.591000000000000000e+03,2.400000000000000000e+01
3.605000000000000000e+03,1.400000000000000000e+01
3.619000000000000000e+03,1.400000000000000000e+01
3.630000000000000000e+03,1.100000000000000000e+01
3.656000000000000000e+03,2.600000000000000000e+01
3.672000000000000000e+03,1.600000000000000000e+01
3.695000000000000000e+03,2.300000000000000000e+01
3.706000000000000000e+03,1.100000000000000000e+01
3.722000000000000000e+03,1.600000000000000000e+01
3.761000000000000000e+03,3.900000000000000000e+01
3.799000000000000000e+03,3.800000000000000000e+01
3.815000000000000000e+03,1.600000000000000000e+01
3.834000000000000000e+03,1.900000000000000000e+01
3.864000000000000000e+03,3.000000000000000000e+01
3.883000000000000000e+03,1.900000000000000000e+01
3.941000000000000000e+03,5.800000000000000000e+01
3.969000000000000000e+03,2.800000000000000000e+01
3.984000000000000000e+03,1.500000000000000000e+01
4.022000000000000000e+03,3.800000000000000000e+01
4.040000000000000000e+03,1.800000000000000000e+01
4.072000000000000000e+03,3.200000000000000000e+01
4.087000000000000000e+03,1.500000000000000000e+01
4.104000000000000000e+03,1.700000000000000000e+01
4.119000000000000000e+03,1.500000000000000000e+01
4.140000000000000000e+03,2.100000000000000000e+01
4.155000000000000000e+03,1.500000000000000000e+01
4.215000000000000000e+03,6.000000000000000000e+01
4.250000000000000000e+03,3.500000000000000000e+01
4.299000000000000000e+03,4.900000000000000000e+01
4.312000000000000000e+03,1.300000000000000000e+01
4.335000000000000000e+03,2.300000000000000000e+01
4.356000000000000000e+03,2.100000000000000000e+01
4.376000000000000000e+03,2.000000000000000000e+01
4.407000000000000000e+03,3.100000000000000000e+01
4.427000000000000000e+03,2.000000000000000000e+01
4.442000000000000000e+03,1.500000000000000000e+01
4.473000000000000000e+03,3.100000000000000000e+01
4.488000000000000000e+03,1.500000000000000000e+01
4.533000000000000000e+03,4.500000000000000000e+01
4.556000000000000000e+03,2.300000000000000000e+01
4.567000000000000000e+03,1.100000000000000000e+01
4.656000000000000000e+03,8.900000000000000000e+01
4.682000000000000000e+03,2.600000000000000000e+01
4.746000000000000000e+03,6.400000000000000000e+01
4.792000000000000000e+03,4.600000000000000000e+01
4.832000000000000000e+03,4.000000000000000000e+01
4.862000000000000000e+03,3.000000000000000000e+01
4.945000000000000000e+03,8.300000000000000000e+01
5.005000000000000000e+03,6.000000000000000000e+01
5.041000000000000000e+03,3.600000000000000000e+01
5.059000000000000000e+03,1.800000000000000000e+01
5.079000000000000000e+03,2.000000000000000000e+01
5.112000000000000000e+03,3.300000000000000000e+01
5.128000000000000000e+03,1.600000000000000000e+01
5.147000000000000000e+03,1.900000000000000000e+01
5.170000000000000000e+03,2.300000000000000000e+01
5.191000000000000000e+03,2.100000000000000000e+01
5.201000000000000000e+03,1.000000000000000000e+01
5.247000000000000000e+03,4.600000000000000000e+01
5.277000000000000000e+03,3.000000000000000000e+01
5.293000000000000000e+03,1.600000000000000000e+01
5.389000000000000000e+03,9.600000000000000000e+01
5.408000000000000000e+03,1.900000000000000000e+01
5.458000000000000000e+03,5.000000000000000000e+01
5.471000000000000000e+03,1.300000000000000000e+01
5.495000000000000000e+03,2.400000000000000000e+01
5.553000000000000000e+03,5.800000000000000000e+01
5.654000000000000000e+03,1.010000000000000000e+02
5.785000000000000000e+03,1.310000000000000000e+02
5.805000000000000000e+03,2.000000000000000000e+01
5.824000000000000000e+03,1.900000000000000000e+01
5.843000000000000000e+03,1.900000000000000000e+01
5.868000000000000000e+03,2.500000000000000000e+01
5.888000000000000000e+03,2.000000000000000000e+01
5.932000000000000000e+03,4.400000000000000000e+01
5.947000000000000000e+03,1.500000000000000000e+01
6.047000000000000000e+03,1.000000000000000000e+02
6.063000000000000000e+03,1.600000000000000000e+01
6.091000000000000000e+03,2.800000000000000000e+01
6.103000000000000000e+03,1.200000000000000000e+01
6.201000000000000000e+03,9.800000000000000000e+01
6.231000000000000000e+03,3.000000000000000000e+01
6.267000000000000000e+03,3.600000000000000000e+01
6.343000000000000000e+03,7.600000000000000000e+01
6.366000000000000000e+03,2.300000000000000000e+01
6.437000000000000000e+03,7.100000000000000000e+01
6.480000000000000000e+03,4.300000000000000000e+01
6.529000000000000000e+03,4.900000000000000000e+01
6.615000000000000000e+03,8.600000000000000000e+01
6.659000000000000000e+03,4.400000000000000000e+01
6.731000000000000000e+03,7.200000000000000000e+01
6.805000000000000000e+03,7.400000000000000000e+01
6.928000000000000000e+03,1.230000000000000000e+02
7.005000000000000000e+03,7.700000000000000000e+01
7.034000000000000000e+03,2.900000000000000000e+01
7.156000000000000000e+03,1.220000000000000000e+02
7.293000000000000000e+03,1.370000000000000000e+02
7.426000000000000000e+03,1.330000000000000000e+02
7.518000000000000000e+03,9.200000000000000000e+01
7.546000000000000000e+03,2.800000000000000000e+01
7.580000000000000000e+03,3.400000000000000000e+01
7.680000000000000000e+03,1.000000000000000000e+02
7.709000000000000000e+03,2.900000000000000000e+01
7.735000000000000000e+03,2.600000000000000000e+01
7.759000000000000000e+03,2.400000000000000000e+01
7.827000000000000000e+03,6.800000000000000000e+01
7.928000000000000000e+03,1.010000000000000000e+02
7.943000000000000000e+03,1.500000000000000000e+01
7.968000000000000000e+03,2.500000000000000000e+01
8.020000000000000000e+03,5.200000000000000000e+01
8.063000000000000000e+03,4.300000000000000000e+01
8.155000000000000000e+03,9.200000000000000000e+01
8.224000000000000000e+03,6.900000000000000000e+01
8.237000000000000000e+03,1.300000000000000000e+01
8.314000000000000000e+03,7.700000000000000000e+01
8.343000000000000000e+03,2.900000000000000000e+01
8.357000000000000000e+03,1.400000000000000000e+01
8.371000000000000000e+03,1.400000000000000000e+01
8.401000000000000000e+03,3.000000000000000000e+01
8.447000000000000000e+03,4.600000000000000000e+01
8.513000000000000000e+03,6.600000000000000000e+01
8.536000000000000000e+03,2.300000000000000000e+01
8.565000000000000000e+03,2.900000000000000000e+01
8.649000000000000000e+03,8.400000000000000000e+01
8.663000000000000000e+03,1.400000000000000000e+01
8.678000000000000000e+03,1.500000000000000000e+01
8.708000000000000000e+03,3.000000000000000000e+01
8.730000000000000000e+03,2.200000000000000000e+01
8.770000000000000000e+03,4.000000000000000000e+01
8.855000000000000000e+03,8.500000000000000000e+01
8.898000000000000000e+03,4.300000000000000000e+01
9.029000000000000000e+03,1.310000000000000000e+02
9.071000000000000000e+03,4.200000000000000000e+01
9.210000000000000000e+03,1.390000000000000000e+02
9.270000000000000000e+03,6.000000000000000000e+01
9.361000000000000000e+03,9.100000000000000000e+01
9.501000000000000000e+03,1.400000000000000000e+02
9.623000000000000000e+03,1.220000000000000000e+02
9.670000000000000000e+03,4.700000000000000000e+01
9.801000000000000000e+03,1.310000000000000000e+02
9.845000000000000000e+03,4.400000000000000000e+01
9.857000000000000000e+03,1.200000000000000000e+01
9.870000000000000000e+03,1.300000000000000000e+01
9.995000000000000000e+03,1.250000000000000000e+02
1.006900000000000000e+04,7.400000000000000000e+01
1.023200000000000000e+04,1.630000000000000000e+02
1.027400000000000000e+04,4.200000000000000000e+01
1.028800000000000000e+04,1.400000000000000000e+01
1.047500000000000000e+04,1.870000000000000000e+02
1.051900000000000000e+04,4.400000000000000000e+01
1.063300000000000000e+04,1.140000000000000000e+02
1.071200000000000000e+04,7.900000000000000000e+01
1.074200000000000000e+04,3.000000000000000000e+01
1.086100000000000000e+04,1.190000000000000000e+02
1.089300000000000000e+04,3.200000000000000000e+01
1.095400000000000000e+04,6.100000000000000000e+01
1.114700000000000000e+04,1.930000000000000000e+02
1.130300000000000000e+04,1.560000000000000000e+02
1.150800000000000000e+04,2.050000000000000000e+02
1.164600000000000000e+04,1.380000000000000000e+02
1.181800000000000000e+04,1.720000000000000000e+02
1.189300000000000000e+04,7.500000000000000000e+01
1.210600000000000000e+04,2.130000000000000000e+02
1.227100000000000000e+04,1.650000000000000000e+02
1.240500000000000000e+04,1.340000000000000000e+02
1.254600000000000000e+04,1.410000000000000000e+02
1.266500000000000000e+04,1.190000000000000000e+02
1.268900000000000000e+04,2.400000000000000000e+01
1.289800000000000000e+04,2.090000000000000000e+02
1.310700000000000000e+04,2.090000000000000000e+02
1.329400000000000000e+04,1.870000000000000000e+02
1.348500000000000000e+04,1.910000000000000000e+02
1.368200000000000000e+04,1.970000000000000000e+02
1.382000000000000000e+04,1.380000000000000000e+02
1.390500000000000000e+04,8.500000000000000000e+01
1.401100000000000000e+04,1.060000000000000000e+02
1.424900000000000000e+04,2.380000000000000000e+02
1.431300000000000000e+04,6.400000000000000000e+01
1.454000000000000000e+04,2.270000000000000000e+02
1.479800000000000000e+04,2.580000000000000000e+02
1.500700000000000000e+04,2.090000000000000000e+02
1.525300000000000000e+04,2.460000000000000000e+02
1.550900000000000000e+04,2.560000000000000000e+02
1.582200000000000000e+04,3.130000000000000000e+02
1.607300000000000000e+04,2.510000000000000000e+02
1.631300000000000000e+04,2.400000000000000000e+02
1.650900000000000000e+04,1.960000000000000000e+02
1.670800000000000000e+04,1.990000000000000000e+02
1.701500000000000000e+04,3.070000000000000000e+02
1.719400000000000000e+04,1.790000000000000000e+02
1.739400000000000000e+04,2.000000000000000000e+02
1.789400000000000000e+04,5.000000000000000000e+02
1.825500000000000000e+04,3.610000000000000000e+02
1.851500000000000000e+04,2.600000000000000000e+02
1.873300000000000000e+04,2.180000000000000000e+02
1.901000000000000000e+04,2.770000000000000000e+02
1.935400000000000000e+04,3.440000000000000000e+02
1.959000000000000000e+04,2.360000000000000000e+02
1.984900000000000000e+04,2.590000000000000000e+02
2.010600000000000000e+04,2.570000000000000000e+02
2.035000000000000000e+04,2.440000000000000000e+02
2.056100000000000000e+04,2.110000000000000000e+02
2.075800000000000000e+04,1.970000000000000000e+02
2.091500000000000000e+04,1.570000000000000000e+02
2.121800000000000000e+04,3.030000000000000000e+02
2.141900000000000000e+04,2.010000000000000000e+02
2.166500000000000000e+04,2.460000000000000000e+02
2.181000000000000000e+04,1.450000000000000000e+02
2.203200000000000000e+04,2.220000000000000000e+02
2.217400000000000000e+04,1.420000000000000000e+02
2.233700000000000000e+04,1.630000000000000000e+02
2.255900000000000000e+04,2.220000000000000000e+02
2.281900000000000000e+04,2.600000000000000000e+02
2.294900000000000000e+04,1.300000000000000000e+02
2.315500000000000000e+04,2.060000000000000000e+02
2.332600000000000000e+04,1.710000000000000000e+02
2.359400000000000000e+04,2.680000000000000000e+02
2.391100000000000000e+04,3.170000000000000000e+02
2.404400000000000000e+04,1.330000000000000000e+02
2.414700000000000000e+04,1.030000000000000000e+02
2.429600000000000000e+04,1.490000000000000000e+02
2.445400000000000000e+04,1.580000000000000000e+02
2.460200000000000000e+04,1.480000000000000000e+02
2.471600000000000000e+04,1.140000000000000000e+02
2.484600000000000000e+04,1.300000000000000000e+02
2.497300000000000000e+04,1.270000000000000000e+02
2.516000000000000000e+04,1.870000000000000000e+02
2.526800000000000000e+04,1.080000000000000000e+02
2.541500000000000000e+04,1.470000000000000000e+02
2.553400000000000000e+04,1.190000000000000000e+02
2.570100000000000000e+04,1.670000000000000000e+02
2.584400000000000000e+04,1.430000000000000000e+02
2.598900000000000000e+04,1.450000000000000000e+02
2.619800000000000000e+04,2.090000000000000000e+02
2.642200000000000000e+04,2.240000000000000000e+02
2.659000000000000000e+04,1.680000000000000000e+02
2.678400000000000000e+04,1.940000000000000000e+02
2.690600000000000000e+04,1.220000000000000000e+02
2.704700000000000000e+04,1.410000000000000000e+02
2.721600000000000000e+04,1.690000000000000000e+02
2.740700000000000000e+04,1.910000000000000000e+02
2.756000000000000000e+04,1.530000000000000000e+02
2.773300000000000000e+04,1.730000000000000000e+02
2.795700000000000000e+04,2.240000000000000000e+02
2.814000000000000000e+04,1.830000000000000000e+02
2.826500000000000000e+04,1.250000000000000000e+02
2.849600000000000000e+04,2.310000000000000000e+02
2.867300000000000000e+04,1.770000000000000000e+02
2.879100000000000000e+04,1.180000000000000000e+02
2.892700000000000000e+04,1.360000000000000000e+02
2.916400000000000000e+04,2.370000000000000000e+02
2.937100000000000000e+04,2.070000000000000000e+02
2.957100000000000000e+04,2.000000000000000000e+02
2.974400000000000000e+04,1.730000000000000000e+02
2.990800000000000000e+04,1.640000000000000000e+02
3.013000000000000000e+04,2.220000000000000000e+02
3.034400000000000000e+04,2.140000000000000000e+02
3.048200000000000000e+04,1.380000000000000000e+02
3.071600000000000000e+04,2.340000000000000000e+02
3.092300000000000000e+04,2.070000000000000000e+02
3.108900000000000000e+04,1.660000000000000000e+02
3.130300000000000000e+04,2.140000000000000000e+02
3.146000000000000000e+04,1.570000000000000000e+02
3.164900000000000000e+04,1.890000000000000000e+02
3.185300000000000000e+04,2.040000000000000000e+02
3.204200000000000000e+04,1.890000000000000000e+02
3.222600000000000000e+04,1.840000000000000000e+02
3.236300000000000000e+04,1.370000000000000000e+02
3.260400000000000000e+04,2.410000000000000000e+02
3.278000000000000000e+04,1.760000000000000000e+02
3.301300000000000000e+04,2.330000000000000000e+02
3.315600000000000000e+04,1.430000000000000000e+02
3.336400000000000000e+04,2.080000000000000000e+02
3.354600000000000000e+04,1.820000000000000000e+02
3.372500000000000000e+04,1.790000000000000000e+02
3.389700000000000000e+04,1.720000000000000000e+02
3.408100000000000000e+04,1.840000000000000000e+02
3.423800000000000000e+04,1.570000000000000000e+02
3.440700000000000000e+04,1.690000000000000000e+02
3.456200000000000000e+04,1.550000000000000000e+02
3.471700000000000000e+04,1.550000000000000000e+02
3.486700000000000000e+04,1.500000000000000000e+02
3.505500000000000000e+04,1.880000000000000000e+02
3.521500000000000000e+04,1.600000000000000000e+02
3.539600000000000000e+04,1.810000000000000000e+02
3.555400000000000000e+04,1.580000000000000000e+02
3.574400000000000000e+04,1.900000000000000000e+02
3.588300000000000000e+04,1.390000000000000000e+02
3.604400000000000000e+04,1.610000000000000000e+02
3.620800000000000000e+04,1.640000000000000000e+02
3.634800000000000000e+04,1.400000000000000000e+02
3.648900000000000000e+04,1.410000000000000000e+02
3.666600000000000000e+04,1.770000000000000000e+02
3.681200000000000000e+04,1.460000000000000000e+02
3.697100000000000000e+04,1.590000000000000000e+02
3.713300000000000000e+04,1.620000000000000000e+02
3.728200000000000000e+04,1.490000000000000000e+02
3.748000000000000000e+04,1.980000000000000000e+02
3.764000000000000000e+04,1.600000000000000000e+02
3.783300000000000000e+04,1.930000000000000000e+02
3.799400000000000000e+04,1.610000000000000000e+02
3.813700000000000000e+04,1.430000000000000000e+02
3.828600000000000000e+04,1.490000000000000000e+02
3.843600000000000000e+04,1.500000000000000000e+02
3.858100000000000000e+04,1.450000000000000000e+02
3.872100000000000000e+04,1.400000000000000000e+02
3.885600000000000000e+04,1.350000000000000000e+02
3.903300000000000000e+04,1.770000000000000000e+02
3.919100000000000000e+04,1.580000000000000000e+02
3.934400000000000000e+04,1.530000000000000000e+02
3.948000000000000000e+04,1.360000000000000000e+02
3.963100000000000000e+04,1.510000000000000000e+02
3.978200000000000000e+04,1.510000000000000000e+02
3.991700000000000000e+04,1.350000000000000000e+02
4.005400000000000000e+04,1.370000000000000000e+02
4.018300000000000000e+04,1.290000000000000000e+02
4.033800000000000000e+04,1.550000000000000000e+02
4.049000000000000000e+04,1.520000000000000000e+02
4.064200000000000000e+04,1.520000000000000000e+02
4.076900000000000000e+04,1.270000000000000000e+02
4.091100000000000000e+04,1.420000000000000000e+02
4.104900000000000000e+04,1.380000000000000000e+02
4.118200000000000000e+04,1.330000000000000000e+02
4.140100000000000000e+04,2.190000000000000000e+02
4.154400000000000000e+04,1.430000000000000000e+02
4.167900000000000000e+04,1.350000000000000000e+02
4.182700000000000000e+04,1.480000000000000000e+02
4.197600000000000000e+04,1.490000000000000000e+02
4.220900000000000000e+04,2.330000000000000000e+02
4.239100000000000000e+04,1.820000000000000000e+02
4.255200000000000000e+04,1.610000000000000000e+02
4.270700000000000000e+04,1.550000000000000000e+02
4.288200000000000000e+04,1.750000000000000000e+02
4.305600000000000000e+04,1.740000000000000000e+02
4.324200000000000000e+04,1.860000000000000000e+02
4.335400000000000000e+04,1.120000000000000000e+02
4.351700000000000000e+04,1.630000000000000000e+02
4.372100000000000000e+04,2.040000000000000000e+02
4.382900000000000000e+04,1.080000000000000000e+02
4.395600000000000000e+04,1.270000000000000000e+02
4.410000000000000000e+04,1.440000000000000000e+02
4.424900000000000000e+04,1.490000000000000000e+02
4.436200000000000000e+04,1.130000000000000000e+02
4.450200000000000000e+04,1.400000000000000000e+02
4.464400000000000000e+04,1.420000000000000000e+02
4.476200000000000000e+04,1.180000000000000000e+02
4.490500000000000000e+04,1.430000000000000000e+02
4.503800000000000000e+04,1.330000000000000000e+02
4.516700000000000000e+04,1.290000000000000000e+02
4.529300000000000000e+04,1.260000000000000000e+02
4.541000000000000000e+04,1.170000000000000000e+02
4.551900000000000000e+04,1.090000000000000000e+02
4.566700000000000000e+04,1.480000000000000000e+02
4.581300000000000000e+04,1.460000000000000000e+02
4.592100000000000000e+04,1.080000000000000000e+02
4.602000000000000000e+04,9.900000000000000000e+01
4.612800000000000000e+04,1.080000000000000000e+02
4.625700000000000000e+04,1.290000000000000000e+02
4.639200000000000000e+04,1.350000000000000000e+02
4.651400000000000000e+04,1.220000000000000000e+02
4.662400000000000000e+04,1.100000000000000000e+02
4.674200000000000000e+04,1.180000000000000000e+02
4.685700000000000000e+04,1.150000000000000000e+02
4.695900000000000000e+04,1.020000000000000000e+02
4.705300000000000000e+04,9.400000000000000000e+01
4.717300000000000000e+04,1.200000000000000000e+02
4.728500000000000000e+04,1.120000000000000000e+02
4.741800000000000000e+04,1.330000000000000000e+02
4.754800000000000000e+04,1.300000000000000000e+02
4.766600000000000000e+04,1.180000000000000000e+02
4.777000000000000000e+04,1.040000000000000000e+02
4.788500000000000000e+04,1.150000000000000000e+02
4.800400000000000000e+04,1.190000000000000000e+02
4.810400000000000000e+04,1.000000000000000000e+02
4.819800000000000000e+04,9.400000000000000000e+01
4.830300000000000000e+04,1.050000000000000000e+02
4.841500000000000000e+04,1.120000000000000000e+02
4.851400000000000000e+04,9.900000000000000000e+01
4.862500000000000000e+04,1.110000000000000000e+02
4.872300000000000000e+04,9.800000000000000000e+01
4.882700000000000000e+04,1.040000000000000000e+02
4.893200000000000000e+04,1.050000000000000000e+02
4.902300000000000000e+04,9.100000000000000000e+01
4.912200000000000000e+04,9.900000000000000000e+01
4.923500000000000000e+04,1.130000000000000000e+02
4.933800000000000000e+04,1.030000000000000000e+02
4.945300000000000000e+04,1.150000000000000000e+02
4.956200000000000000e+04,1.090000000000000000e+02
4.968200000000000000e+04,1.200000000000000000e+02
4.980200000000000000e+04,1.200000000000000000e+02
4.991800000000000000e+04,1.160000000000000000e+02
5.003200000000000000e+04,1.140000000000000000e+02
5.013700000000000000e+04,1.050000000000000000e+02
5.025000000000000000e+04,1.130000000000000000e+02
5.036500000000000000e+04,1.150000000000000000e+02
5.047600000000000000e+04,1.110000000000000000e+02
5.058500000000000000e+04,1.090000000000000000e+02
5.072100000000000000e+04,1.360000000000000000e+02
5.083200000000000000e+04,1.110000000000000000e+02
5.096400000000000000e+04,1.320000000000000000e+02
5.106800000000000000e+04,1.040000000000000000e+02
5.120300000000000000e+04,1.350000000000000000e+02
5.131600000000000000e+04,1.130000000000000000e+02
5.145100000000000000e+04,1.350000000000000000e+02
5.159000000000000000e+04,1.390000000000000000e+02
5.170400000000000000e+04,1.140000000000000000e+02
5.183100000000000000e+04,1.270000000000000000e+02
5.195800000000000000e+04,1.270000000000000000e+02
5.206900000000000000e+04,1.110000000000000000e+02
5.224400000000000000e+04,1.750000000000000000e+02
5.237200000000000000e+04,1.280000000000000000e+02
5.249700000000000000e+04,1.250000000000000000e+02
5.262700000000000000e+04,1.300000000000000000e+02
5.274700000000000000e+04,1.200000000000000000e+02
5.286700000000000000e+04,1.200000000000000000e+02
5.298900000000000000e+04,1.220000000000000000e+02
5.310500000000000000e+04,1.160000000000000000e+02
5.323400000000000000e+04,1.290000000000000000e+02
5.333500000000000000e+04,1.010000000000000000e+02
5.347000000000000000e+04,1.350000000000000000e+02
5.358300000000000000e+04,1.130000000000000000e+02
5.371400000000000000e+04,1.310000000000000000e+02
5.384300000000000000e+04,1.290000000000000000e+02
5.396100000000000000e+04,1.180000000000000000e+02
5.408100000000000000e+04,1.200000000000000000e+02
5.420900000000000000e+04,1.280000000000000000e+02
5.433200000000000000e+04,1.230000000000000000e+02
5.445500000000000000e+04,1.230000000000000000e+02
5.456700000000000000e+04,1.120000000000000000e+02
5.466600000000000000e+04,9.900000000000000000e+01
5.478600000000000000e+04,1.200000000000000000e+02
5.488800000000000000e+04,1.020000000000000000e+02
5.500400000000000000e+04,1.160000000000000000e+02
5.511900000000000000e+04,1.150000000000000000e+02
5.523000000000000000e+04,1.110000000000000000e+02
5.534900000000000000e+04,1.190000000000000000e+02
5.548200000000000000e+04,1.330000000000000000e+02
5.559900000000000000e+04,1.170000000000000000e+02
5.571400000000000000e+04,1.150000000000000000e+02
5.582800000000000000e+04,1.140000000000000000e+02
5.594000000000000000e+04,1.120000000000000000e+02
5.605900000000000000e+04,1.190000000000000000e+02
5.617700000000000000e+04,1.180000000000000000e+02
5.629000000000000000e+04,1.130000000000000000e+02
5.640200000000000000e+04,1.120000000000000000e+02
5.653000000000000000e+04,1.280000000000000000e+02
5.664500000000000000e+04,1.150000000000000000e+02
5.675800000000000000e+04,1.130000000000000000e+02
5.687300000000000000e+04,1.150000000000000000e+02
5.698500000000000000e+04,1.120000000000000000e+02
5.708400000000000000e+04,9.900000000000000000e+01
5.718600000000000000e+04,1.020000000000000000e+02
5.730900000000000000e+04,1.230000000000000000e+02
5.743000000000000000e+04,1.210000000000000000e+02
5.753700000000000000e+04,1.070000000000000000e+02
5.764200000000000000e+04,1.050000000000000000e+02
5.775300000000000000e+04,1.110000000000000000e+02
5.786600000000000000e+04,1.130000000000000000e+02
5.797600000000000000e+04,1.100000000000000000e+02
5.808300000000000000e+04,1.070000000000000000e+02
5.820000000000000000e+04,1.170000000000000000e+02
5.831900000000000000e+04,1.190000000000000000e+02
5.844200000000000000e+04,1.230000000000000000e+02
5.855500000000000000e+04,1.130000000000000000e+02
5.866600000000000000e+04,1.110000000000000000e+02
5.879100000000000000e+04,1.250000000000000000e+02
5.890100000000000000e+04,1.100000000000000000e+02
5.900600000000000000e+04,1.050000000000000000e+02
5.910800000000000000e+04,1.020000000000000000e+02
5.920900000000000000e+04,1.010000000000000000e+02
5.931500000000000000e+04,1.060000000000000000e+02
5.946700000000000000e+04,1.520000000000000000e+02
5.958700000000000000e+04,1.200000000000000000e+02
5.969200000000000000e+04,1.050000000000000000e+02
5.981000000000000000e+04,1.180000000000000000e+02
5.991700000000000000e+04,1.070000000000000000e+02
6.003100000000000000e+04,1.140000000000000000e+02
6.014500000000000000e+04,1.140000000000000000e+02
6.025000000000000000e+04,1.050000000000000000e+02
6.035600000000000000e+04,1.060000000000000000e+02
6.046800000000000000e+04,1.120000000000000000e+02
6.059000000000000000e+04,1.220000000000000000e+02
6.070000000000000000e+04,1.100000000000000000e+02
6.080300000000000000e+04,1.030000000000000000e+02
6.092100000000000000e+04,1.180000000000000000e+02
6.103700000000000000e+04,1.160000000000000000e+02
6.114600000000000000e+04,1.090000000000000000e+02
6.126300000000000000e+04,1.170000000000000000e+02
6.138000000000000000e+04,1.170000000000000000e+02
6.148300000000000000e+04,1.030000000000000000e+02
6.162300000000000000e+04,1.400000000000000000e+02
6.174400000000000000e+04,1.210000000000000000e+02
6.185100000000000000e+04,1.070000000000000000e+02
6.196300000000000000e+04,1.120000000000000000e+02
6.207800000000000000e+04,1.150000000000000000e+02
6.220700000000000000e+04,1.290000000000000000e+02
6.232400000000000000e+04,1.170000000000000000e+02
6.244000000000000000e+04,1.160000000000000000e+02
6.255800000000000000e+04,1.180000000000000000e+02
6.267500000000000000e+04,1.170000000000000000e+02
6.280800000000000000e+04,1.330000000000000000e+02
6.292600000000000000e+04,1.180000000000000000e+02
6.305300000000000000e+04,1.270000000000000000e+02
6.317300000000000000e+04,1.200000000000000000e+02
6.329600000000000000e+04,1.230000000000000000e+02
6.342500000000000000e+04,1.290000000000000000e+02
6.354900000000000000e+04,1.240000000000000000e+02
6.367900000000000000e+04,1.300000000000000000e+02
6.379600000000000000e+04,1.170000000000000000e+02
6.390200000000000000e+04,1.060000000000000000e+02
6.402300000000000000e+04,1.210000000000000000e+02
6.416600000000000000e+04,1.430000000000000000e+02
6.430700000000000000e+04,1.410000000000000000e+02
6.441300000000000000e+04,1.060000000000000000e+02
6.459600000000000000e+04,1.830000000000000000e+02
6.472300000000000000e+04,1.270000000000000000e+02
6.484400000000000000e+04,1.210000000000000000e+02
6.496000000000000000e+04,1.160000000000000000e+02
6.507800000000000000e+04,1.180000000000000000e+02
6.520900000000000000e+04,1.310000000000000000e+02
6.533800000000000000e+04,1.290000000000000000e+02
6.562000000000000000e+04,2.820000000000000000e+02
6.574300000000000000e+04,1.230000000000000000e+02
6.586100000000000000e+04,1.180000000000000000e+02
6.600400000000000000e+04,1.430000000000000000e+02
6.613600000000000000e+04,1.320000000000000000e+02
6.632200000000000000e+04,1.860000000000000000e+02
6.645500000000000000e+04,1.330000000000000000e+02
6.663500000000000000e+04,1.800000000000000000e+02
6.677100000000000000e+04,1.360000000000000000e+02
6.688600000000000000e+04,1.150000000000000000e+02
6.704900000000000000e+04,1.630000000000000000e+02
6.720200000000000000e+04,1.530000000000000000e+02
6.737600000000000000e+04,1.740000000000000000e+02
6.753400000000000000e+04,1.580000000000000000e+02
6.772400000000000000e+04,1.900000000000000000e+02
6.786600000000000000e+04,1.420000000000000000e+02
6.802000000000000000e+04,1.540000000000000000e+02
6.818200000000000000e+04,1.620000000000000000e+02
6.837200000000000000e+04,1.900000000000000000e+02
6.849100000000000000e+04,1.190000000000000000e+02
6.861000000000000000e+04,1.190000000000000000e+02
6.877900000000000000e+04,1.690000000000000000e+02
6.891500000000000000e+04,1.360000000000000000e+02
6.904900000000000000e+04,1.340000000000000000e+02
6.916700000000000000e+04,1.180000000000000000e+02
6.928800000000000000e+04,1.210000000000000000e+02
6.941100000000000000e+04,1.230000000000000000e+02
6.955700000000000000e+04,1.460000000000000000e+02
6.967000000000000000e+04,1.130000000000000000e+02
6.978500000000000000e+04,1.150000000000000000e+02
6.989900000000000000e+04,1.140000000000000000e+02
7.002500000000000000e+04,1.260000000000000000e+02
7.014700000000000000e+04,1.220000000000000000e+02
7.026800000000000000e+04,1.210000000000000000e+02
7.038600000000000000e+04,1.180000000000000000e+02
7.050700000000000000e+04,1.210000000000000000e+02
7.065100000000000000e+04,1.440000000000000000e+02
7.076500000000000000e+04,1.140000000000000000e+02
7.088600000000000000e+04,1.210000000000000000e+02
7.111800000000000000e+04,2.320000000000000000e+02
7.123400000000000000e+04,1.160000000000000000e+02
7.135900000000000000e+04,1.250000000000000000e+02
7.147800000000000000e+04,1.190000000000000000e+02
7.161000000000000000e+04,1.320000000000000000e+02
7.172600000000000000e+04,1.160000000000000000e+02
7.185800000000000000e+04,1.320000000000000000e+02
7.197600000000000000e+04,1.180000000000000000e+02
7.214600000000000000e+04,1.700000000000000000e+02
7.227200000000000000e+04,1.260000000000000000e+02
7.239800000000000000e+04,1.260000000000000000e+02
7.251900000000000000e+04,1.210000000000000000e+02
7.263800000000000000e+04,1.190000000000000000e+02
7.275900000000000000e+04,1.210000000000000000e+02
7.287000000000000000e+04,1.110000000000000000e+02
7.298700000000000000e+04,1.170000000000000000e+02
7.315500000000000000e+04,1.680000000000000000e+02
7.327000000000000000e+04,1.150000000000000000e+02
7.339000000000000000e+04,1.200000000000000000e+02
7.350200000000000000e+04,1.120000000000000000e+02
7.361300000000000000e+04,1.110000000000000000e+02
7.372000000000000000e+04,1.070000000000000000e+02
7.383300000000000000e+04,1.130000000000000000e+02
7.394500000000000000e+04,1.120000000000000000e+02
7.406200000000000000e+04,1.170000000000000000e+02
7.417100000000000000e+04,1.090000000000000000e+02
7.428900000000000000e+04,1.180000000000000000e+02
7.440200000000000000e+04,1.130000000000000000e+02
7.451200000000000000e+04,1.100000000000000000e+02
7.462900000000000000e+04,1.170000000000000000e+02
7.474300000000000000e+04,1.140000000000000000e+02
7.486100000000000000e+04,1.180000000000000000e+02
7.497500000000000000e+04,1.140000000000000000e+02
7.508600000000000000e+04,1.110000000000000000e+02
7.520400000000000000e+04,1.180000000000000000e+02
7.531900000000000000e+04,1.150000000000000000e+02
7.543400000000000000e+04,1.150000000000000000e+02
7.556600000000000000e+04,1.320000000000000000e+02
7.568400000000000000e+04,1.180000000000000000e+02
7.580700000000000000e+04,1.230000000000000000e+02
7.593100000000000000e+04,1.240000000000000000e+02
7.606600000000000000e+04,1.350000000000000000e+02
7.618800000000000000e+04,1.220000000000000000e+02
7.634100000000000000e+04,1.530000000000000000e+02
7.647100000000000000e+04,1.300000000000000000e+02
7.658900000000000000e+04,1.180000000000000000e+02
7.670300000000000000e+04,1.140000000000000000e+02
7.682100000000000000e+04,1.180000000000000000e+02
7.693300000000000000e+04,1.120000000000000000e+02
7.704700000000000000e+04,1.140000000000000000e+02
7.716100000000000000e+04,1.140000000000000000e+02
7.728500000000000000e+04,1.240000000000000000e+02
7.740300000000000000e+04,1.180000000000000000e+02
7.752500000000000000e+04,1.220000000000000000e+02
7.764100000000000000e+04,1.160000000000000000e+02
7.776500000000000000e+04,1.240000000000000000e+02
7.787600000000000000e+04,1.110000000000000000e+02
7.798500000000000000e+04,1.090000000000000000e+02
7.810200000000000000e+04,1.170000000000000000e+02
7.822000000000000000e+04,1.180000000000000000e+02
7.833400000000000000e+04,1.140000000000000000e+02
7.845600000000000000e+04,1.220000000000000000e+02
7.858100000000000000e+04,1.250000000000000000e+02
7.870000000000000000e+04,1.190000000000000000e+02
7.882200000000000000e+04,1.220000000000000000e+02
7.894200000000000000e+04,1.200000000000000000e+02
7.905600000000000000e+04,1.140000000000000000e+02
7.920600000000000000e+04,1.500000000000000000e+02
7.932000000000000000e+04,1.140000000000000000e+02
7.945300000000000000e+04,1.330000000000000000e+02
7.956800000000000000e+04,1.150000000000000000e+02
7.968300000000000000e+04,1.150000000000000000e+02
7.980100000000000000e+04,1.180000000000000000e+02
7.991500000000000000e+04,1.140000000000000000e+02
8.003900000000000000e+04,1.240000000000000000e+02
8.020500000000000000e+04,1.660000000000000000e+02
8.032100000000000000e+04,1.160000000000000000e+02
8.043300000000000000e+04,1.120000000000000000e+02
8.055500000000000000e+04,1.220000000000000000e+02
8.068500000000000000e+04,1.300000000000000000e+02
8.080200000000000000e+04,1.170000000000000000e+02
8.095800000000000000e+04,1.560000000000000000e+02
8.107400000000000000e+04,1.160000000000000000e+02
8.123000000000000000e+04,1.560000000000000000e+02
8.135200000000000000e+04,1.220000000000000000e+02
8.148100000000000000e+04,1.290000000000000000e+02
8.158200000000000000e+04,1.010000000000000000e+02
8.170400000000000000e+04,1.220000000000000000e+02
8.182600000000000000e+04,1.220000000000000000e+02
8.197300000000000000e+04,1.470000000000000000e+02
8.210700000000000000e+04,1.340000000000000000e+02
8.224800000000000000e+04,1.410000000000000000e+02
8.242300000000000000e+04,1.750000000000000000e+02
8.254000000000000000e+04,1.170000000000000000e+02
8.266200000000000000e+04,1.220000000000000000e+02
8.277500000000000000e+04,1.130000000000000000e+02
8.290600000000000000e+04,1.310000000000000000e+02
8.302300000000000000e+04,1.170000000000000000e+02
8.314200000000000000e+04,1.190000000000000000e+02
8.326900000000000000e+04,1.270000000000000000e+02
8.339200000000000000e+04,1.230000000000000000e+02
8.351400000000000000e+04,1.220000000000000000e+02
8.362700000000000000e+04,1.130000000000000000e+02
8.374600000000000000e+04,1.190000000000000000e+02
8.386000000000000000e+04,1.140000000000000000e+02
8.400200000000000000e+04,1.420000000000000000e+02
8.411800000000000000e+04,1.160000000000000000e+02
8.423600000000000000e+04,1.180000000000000000e+02
8.436000000000000000e+04,1.240000000000000000e+02
8.446400000000000000e+04,1.040000000000000000e+02
8.458500000000000000e+04,1.210000000000000000e+02
8.470600000000000000e+04,1.210000000000000000e+02
8.483100000000000000e+04,1.250000000000000000e+02
8.494600000000000000e+04,1.150000000000000000e+02
8.504900000000000000e+04,1.030000000000000000e+02
8.522000000000000000e+04,1.710000000000000000e+02
8.533700000000000000e+04,1.170000000000000000e+02
8.546500000000000000e+04,1.280000000000000000e+02
8.558400000000000000e+04,1.190000000000000000e+02
8.570500000000000000e+04,1.210000000000000000e+02
8.583000000000000000e+04,1.250000000000000000e+02
8.595400000000000000e+04,1.240000000000000000e+02
8.607800000000000000e+04,1.240000000000000000e+02
8.622200000000000000e+04,1.440000000000000000e+02
8.634200000000000000e+04,1.200000000000000000e+02
8.645600000000000000e+04,1.140000000000000000e+02
8.659100000000000000e+04,1.350000000000000000e+02
8.670700000000000000e+04,1.160000000000000000e+02
8.701500000000000000e+04,3.080000000000000000e+02
8.715700000000000000e+04,1.420000000000000000e+02
8.730300000000000000e+04,1.460000000000000000e+02
8.741800000000000000e+04,1.150000000000000000e+02
8.753400000000000000e+04,1.160000000000000000e+02
8.775800000000000000e+04,2.240000000000000000e+02
8.789000000000000000e+04,1.320000000000000000e+02
8.800300000000000000e+04,1.130000000000000000e+02
8.811800000000000000e+04,1.150000000000000000e+02
8.836000000000000000e+04,2.420000000000000000e+02
8.851600000000000000e+04,1.560000000000000000e+02
8.864000000000000000e+04,1.240000000000000000e+02
8.885000000000000000e+04,2.100000000000000000e+02
8.906100000000000000e+04,2.110000000000000000e+02
8.933800000000000000e+04,2.770000000000000000e+02
8.946200000000000000e+04,1.240000000000000000e+02
8.960500000000000000e+04,1.430000000000000000e+02
8.975000000000000000e+04,1.450000000000000000e+02
8.987600000000000000e+04,1.260000000000000000e+02
8.998600000000000000e+04,1.100000000000000000e+02
9.014900000000000000e+04,1.630000000000000000e+02
9.030000000000000000e+04,1.510000000000000000e+02
9.045700000000000000e+04,1.570000000000000000e+02
9.066500000000000000e+04,2.080000000000000000e+02
9.080700000000000000e+04,1.420000000000000000e+02
9.093100000000000000e+04,1.240000000000000000e+02
9.108400000000000000e+04,1.530000000000000000e+02
9.130000000000000000e+04,2.160000000000000000e+02
9.150900000000000000e+04,2.090000000000000000e+02
9.168500000000000000e+04,1.760000000000000000e+02
9.183600000000000000e+04,1.510000000000000000e+02
9.197800000000000000e+04,1.420000000000000000e+02
9.215500000000000000e+04,1.770000000000000000e+02
9.230800000000000000e+04,1.530000000000000000e+02
9.248800000000000000e+04,1.800000000000000000e+02
9.269400000000000000e+04,2.060000000000000000e+02
9.288100000000000000e+04,1.870000000000000000e+02
9.306700000000000000e+04,1.860000000000000000e+02
9.321600000000000000e+04,1.490000000000000000e+02
9.336200000000000000e+04,1.460000000000000000e+02
9.350900000000000000e+04,1.470000000000000000e+02
9.370200000000000000e+04,1.930000000000000000e+02
9.385300000000000000e+04,1.510000000000000000e+02
9.401800000000000000e+04,1.650000000000000000e+02
9.419700000000000000e+04,1.790000000000000000e+02
9.433000000000000000e+04,1.330000000000000000e+02
9.453600000000000000e+04,2.060000000000000000e+02
9.474000000000000000e+04,2.040000000000000000e+02
9.491900000000000000e+04,1.790000000000000000e+02
9.508600000000000000e+04,1.670000000000000000e+02
9.531800000000000000e+04,2.320000000000000000e+02
9.549100000000000000e+04,1.730000000000000000e+02
9.563400000000000000e+04,1.430000000000000000e+02
9.579700000000000000e+04,1.630000000000000000e+02
9.601000000000000000e+04,2.130000000000000000e+02
9.617700000000000000e+04,1.670000000000000000e+02
9.634300000000000000e+04,1.660000000000000000e+02
9.649800000000000000e+04,1.550000000000000000e+02
9.679000000000000000e+04,2.920000000000000000e+02
9.695200000000000000e+04,1.620000000000000000e+02
9.716500000000000000e+04,2.130000000000000000e+02
9.740200000000000000e+04,2.370000000000000000e+02
9.772600000000000000e+04,3.240000000000000000e+02
9.801500000000000000e+04,2.890000000000000000e+02
9.819300000000000000e+04,1.780000000000000000e+02
9.851200000000000000e+04,3.190000000000000000e+02
9.865300000000000000e+04,1.410000000000000000e+02
9.896300000000000000e+04,3.100000000000000000e+02
9.911600000000000000e+04,1.530000000000000000e+02
9.924300000000000000e+04,1.270000000000000000e+02
9.942000000000000000e+04,1.770000000000000000e+02
9.960900000000000000e+04,1.890000000000000000e+02
9.973500000000000000e+04,1.260000000000000000e+02
9.985200000000000000e+04,1.170000000000000000e+02
1.000240000000000000e+05,1.720000000000000000e+02
1.002220000000000000e+05,1.980000000000000000e+02
1.003440000000000000e+05,1.220000000000000000e+02
1.005480000000000000e+05,2.040000000000000000e+02
1.007040000000000000e+05,1.560000000000000000e+02
1.009360000000000000e+05,2.320000000000000000e+02
1.010670000000000000e+05,1.310000000000000000e+02
1.011930000000000000e+05,1.260000000000000000e+02
1.013220000000000000e+05,1.290000000000000000e+02
1.015570000000000000e+05,2.350000000000000000e+02
1.017160000000000000e+05,1.590000000000000000e+02
1.019600000000000000e+05,2.440000000000000000e+02
1.021020000000000000e+05,1.420000000000000000e+02
1.023470000000000000e+05,2.450000000000000000e+02
1.024690000000000000e+05,1.220000000000000000e+02
1.026350000000000000e+05,1.660000000000000000e+02
1.031350000000000000e+05,5.000000000000000000e+02
1.033110000000000000e+05,1.760000000000000000e+02
1.034640000000000000e+05,1.530000000000000000e+02
1.036850000000000000e+05,2.210000000000000000e+02
1.038150000000000000e+05,1.300000000000000000e+02
1.039680000000000000e+05,1.530000000000000000e+02
1.042370000000000000e+05,2.690000000000000000e+02
1.043700000000000000e+05,1.330000000000000000e+02
1.047490000000000000e+05,3.790000000000000000e+02
1.052490000000000000e+05,5.000000000000000000e+02
1.054210000000000000e+05,1.720000000000000000e+02
1.059210000000000000e+05,5.000000000000000000e+02
1.060850000000000000e+05,1.640000000000000000e+02
1.065380000000000000e+05,4.530000000000000000e+02
1.068640000000000000e+05,3.260000000000000000e+02
1.070820000000000000e+05,2.180000000000000000e+02
1.072740000000000000e+05,1.920000000000000000e+02
1.076040000000000000e+05,3.300000000000000000e+02
1.078450000000000000e+05,2.410000000000000000e+02
1.083450000000000000e+05,5.000000000000000000e+02
1.088450000000000000e+05,5.000000000000000000e+02
1.090380000000000000e+05,1.930000000000000000e+02
1.095380000000000000e+05,5.000000000000000000e+02
1.100380000000000000e+05,5.000000000000000000e+02
1.103180000000000000e+05,2.800000000000000000e+02
1.107840000000000000e+05,4.660000000000000000e+02
1.112840000000000000e+05,5.000000000000000000e+02
1.116150000000000000e+05,3.310000000000000000e+02
1.117860000000000000e+05,1.710000000000000000e+02
1.119870000000000000e+05,2.010000000000000000e+02
1.122220000000000000e+05,2.350000000000000000e+02
1.124940000000000000e+05,2.720000000000000000e+02
1.129940000000000000e+05,5.000000000000000000e+02
1.134790000000000000e+05,4.850000000000000000e+02
1.139790000000000000e+05,5.000000000000000000e+02
1.144790000000000000e+05,5.000000000000000000e+02
1.147360000000000000e+05,2.570000000000000000e+02
1.149770000000000000e+05,2.410000000000000000e+02
1.153930000000000000e+05,4.160000000000000000e+02
1.156920000000000000e+05,2.990000000000000000e+02
1.161920000000000000e+05,5.000000000000000000e+02
1.164620000000000000e+05,2.700000000000000000e+02
1.169620000000000000e+05,5.000000000000000000e+02
1.171870000000000000e+05,2.250000000000000000e+02
1.176870000000000000e+05,5.000000000000000000e+02
1.181870000000000000e+05,5.000000000000000000e+02
1.183590000000000000e+05,1.720000000000000000e+02
1.188190000000000000e+05,4.600000000000000000e+02
1.190280000000000000e+05,2.090000000000000000e+02
1.195280000000000000e+05,5.000000000000000000e+02
1.200280000000000000e+05,5.000000000000000000e+02
1.205280000000000000e+05,5.000000000000000000e+02
1.210280000000000000e+05,5.000000000000000000e+02
1.215280000000000000e+05,5.000000000000000000e+02
1.220280000000000000e+05,5.000000000000000000e+02
1.225280000000000000e+05,5.000000000000000000e+02
1.230280000000000000e+05,5.000000000000000000e+02
1.235280000000000000e+05,5.000000000000000000e+02
1.240280000000000000e+05,5.000000000000000000e+02
1.245280000000000000e+05,5.000000000000000000e+02
1.247710000000000000e+05,2.430000000000000000e+02
1.252710000000000000e+05,5.000000000000000000e+02
1.257710000000000000e+05,5.000000000000000000e+02
1.262710000000000000e+05,5.000000000000000000e+02
1.267710000000000000e+05,5.000000000000000000e+02
1.272710000000000000e+05,5.000000000000000000e+02
1.277710000000000000e+05,5.000000000000000000e+02
1.282710000000000000e+05,5.000000000000000000e+02
1.287710000000000000e+05,5.000000000000000000e+02
1.292710000000000000e+05,5.000000000000000000e+02
1.297710000000000000e+05,5.000000000000000000e+02
1.302710000000000000e+05,5.000000000000000000e+02
1.307710000000000000e+05,5.000000000000000000e+02
1.312710000000000000e+05,5.000000000000000000e+02
1.317710000000000000e+05,5.000000000000000000e+02
1.322710000000000000e+05,5.000000000000000000e+02
1.327710000000000000e+05,5.000000000000000000e+02
1.332710000000000000e+05,5.000000000000000000e+02
1.337710000000000000e+05,5.000000000000000000e+02
1.342710000000000000e+05,5.000000000000000000e+02
1.347710000000000000e+05,5.000000000000000000e+02
1.352710000000000000e+05,5.000000000000000000e+02
1.357710000000000000e+05,5.000000000000000000e+02
1.362710000000000000e+05,5.000000000000000000e+02
1.367710000000000000e+05,5.000000000000000000e+02
1.372710000000000000e+05,5.000000000000000000e+02
1.377380000000000000e+05,4.670000000000000000e+02
1.381850000000000000e+05,4.470000000000000000e+02
1.386850000000000000e+05,5.000000000000000000e+02
1.391850000000000000e+05,5.000000000000000000e+02
1.396850000000000000e+05,5.000000000000000000e+02
1.401850000000000000e+05,5.000000000000000000e+02
1.406850000000000000e+05,5.000000000000000000e+02
1.411850000000000000e+05,5.000000000000000000e+02
1.416850000000000000e+05,5.000000000000000000e+02
1.421850000000000000e+05,5.000000000000000000e+02
1.426850000000000000e+05,5.000000000000000000e+02
1.431850000000000000e+05,5.000000000000000000e+02
1.436850000000000000e+05,5.000000000000000000e+02
1.441850000000000000e+05,5.000000000000000000e+02
1.446850000000000000e+05,5.000000000000000000e+02
1.451850000000000000e+05,5.000000000000000000e+02
1.456850000000000000e+05,5.000000000000000000e+02
1.461850000000000000e+05,5.000000000000000000e+02
1.466850000000000000e+05,5.000000000000000000e+02
1.471850000000000000e+05,5.000000000000000000e+02
1.476850000000000000e+05,5.000000000000000000e+02
1.481850000000000000e+05,5.000000000000000000e+02
1.486850000000000000e+05,5.000000000000000000e+02
1.491850000000000000e+05,5.000000000000000000e+02
1.496850000000000000e+05,5.000000000000000000e+02
1.501850000000000000e+05,5.000000000000000000e+02
1.506850000000000000e+05,5.000000000000000000e+02
1.511850000000000000e+05,5.000000000000000000e+02
1.516850000000000000e+05,5.000000000000000000e+02
1.521850000000000000e+05,5.000000000000000000e+02
1.526850000000000000e+05,5.000000000000000000e+02
1.531850000000000000e+05,5.000000000000000000e+02
1.536850000000000000e+05,5.000000000000000000e+02
1.541850000000000000e+05,5.000000000000000000e+02
1.546850000000000000e+05,5.000000000000000000e+02
1.551850000000000000e+05,5.000000000000000000e+02
1.556850000000000000e+05,5.000000000000000000e+02
1.561850000000000000e+05,5.000000000000000000e+02
1.566850000000000000e+05,5.000000000000000000e+02
1.571850000000000000e+05,5.000000000000000000e+02
1.576850000000000000e+05,5.000000000000000000e+02
1.581850000000000000e+05,5.000000000000000000e+02
1.586850000000000000e+05,5.000000000000000000e+02
1.591850000000000000e+05,5.000000000000000000e+02
1.596850000000000000e+05,5.000000000000000000e+02
1.601850000000000000e+05,5.000000000000000000e+02
1.606850000000000000e+05,5.000000000000000000e+02
1.611850000000000000e+05,5.000000000000000000e+02
1.616850000000000000e+05,5.000000000000000000e+02
1.621850000000000000e+05,5.000000000000000000e+02
1.626850000000000000e+05,5.000000000000000000e+02
1.631850000000000000e+05,5.000000000000000000e+02
1.636850000000000000e+05,5.000000000000000000e+02
1.641850000000000000e+05,5.000000000000000000e+02
1.646850000000000000e+05,5.000000000000000000e+02
1.651850000000000000e+05,5.000000000000000000e+02
1.656850000000000000e+05,5.000000000000000000e+02
1.661850000000000000e+05,5.000000000000000000e+02
1.666850000000000000e+05,5.000000000000000000e+02
1.671850000000000000e+05,5.000000000000000000e+02
1.676850000000000000e+05,5.000000000000000000e+02
1.681850000000000000e+05,5.000000000000000000e+02
1.686850000000000000e+05,5.000000000000000000e+02
1.691850000000000000e+05,5.000000000000000000e+02
1.696850000000000000e+05,5.000000000000000000e+02
1.701850000000000000e+05,5.000000000000000000e+02
1.706850000000000000e+05,5.000000000000000000e+02
1.711850000000000000e+05,5.000000000000000000e+02
1.716850000000000000e+05,5.000000000000000000e+02
1.721850000000000000e+05,5.000000000000000000e+02
1.726850000000000000e+05,5.000000000000000000e+02
1.731850000000000000e+05,5.000000000000000000e+02
1.736850000000000000e+05,5.000000000000000000e+02
1.741850000000000000e+05,5.000000000000000000e+02
1.746850000000000000e+05,5.000000000000000000e+02
1.751850000000000000e+05,5.000000000000000000e+02
1.756850000000000000e+05,5.000000000000000000e+02
1.761850000000000000e+05,5.000000000000000000e+02
1.766850000000000000e+05,5.000000000000000000e+02
1.771850000000000000e+05,5.000000000000000000e+02
1.776850000000000000e+05,5.000000000000000000e+02
1.781850000000000000e+05,5.000000000000000000e+02
1.786850000000000000e+05,5.000000000000000000e+02
1.791850000000000000e+05,5.000000000000000000e+02
1.796850000000000000e+05,5.000000000000000000e+02
1.801850000000000000e+05,5.000000000000000000e+02
1.806850000000000000e+05,5.000000000000000000e+02
1.811850000000000000e+05,5.000000000000000000e+02
1.816850000000000000e+05,5.000000000000000000e+02
1.821850000000000000e+05,5.000000000000000000e+02
1.826850000000000000e+05,5.000000000000000000e+02
1.831850000000000000e+05,5.000000000000000000e+02
1.836850000000000000e+05,5.000000000000000000e+02
1.841850000000000000e+05,5.000000000000000000e+02
1.846850000000000000e+05,5.000000000000000000e+02
1.851850000000000000e+05,5.000000000000000000e+02
1.856850000000000000e+05,5.000000000000000000e+02
1.861850000000000000e+05,5.000000000000000000e+02
1.863270000000000000e+05,1.420000000000000000e+02
1.868270000000000000e+05,5.000000000000000000e+02
1.873270000000000000e+05,5.000000000000000000e+02
1.878270000000000000e+05,5.000000000000000000e+02
1.883270000000000000e+05,5.000000000000000000e+02
1.888270000000000000e+05,5.000000000000000000e+02
1.893270000000000000e+05,5.000000000000000000e+02
1.898270000000000000e+05,5.000000000000000000e+02
1.903270000000000000e+05,5.000000000000000000e+02
1.908270000000000000e+05,5.000000000000000000e+02
1.913270000000000000e+05,5.000000000000000000e+02
1.918270000000000000e+05,5.000000000000000000e+02
1.923270000000000000e+05,5.000000000000000000e+02
1.928270000000000000e+05,5.000000000000000000e+02
1.933270000000000000e+05,5.000000000000000000e+02
1.936850000000000000e+05,3.580000000000000000e+02
1.940700000000000000e+05,3.850000000000000000e+02
1.942780000000000000e+05,2.080000000000000000e+02
1.947780000000000000e+05,5.000000000000000000e+02
1.952780000000000000e+05,5.000000000000000000e+02
1.957780000000000000e+05,5.000000000000000000e+02
1.960480000000000000e+05,2.700000000000000000e+02
1.965480000000000000e+05,5.000000000000000000e+02
1.970480000000000000e+05,5.000000000000000000e+02
1.975480000000000000e+05,5.000000000000000000e+02
1.980480000000000000e+05,5.000000000000000000e+02
1.985480000000000000e+05,5.000000000000000000e+02
1.990480000000000000e+05,5.000000000000000000e+02
1.995480000000000000e+05,5.000000000000000000e+02
