environment,epoch,episode_return,episode_length
Standard,0.01611328125,33.0,33
Standard,0.0283203125,25.0,25
Standard,0.03369140625,11.0,11
Standard,0.0400390625,13.0,13
Standard,0.046875,14.0,14
Standard,0.06884765625,45.0,45
Standard,0.07763671875,18.0,18
Standard,0.083984375,13.0,13
Standard,0.09521484375,23.0,23
Standard,0.10009765625,10.0,10
Standard,0.11572265625,32.0,32
Standard,0.123046875,15.0,15
Standard,0.1337890625,22.0,22
Standard,0.1396484375,12.0,12
Standard,0.14501953125,11.0,11
Standard,0.15087890625,12.0,12
Standard,0.16552734375,30.0,30
Standard,0.18212890625,34.0,34
Standard,0.189453125,15.0,15
Standard,0.21435546875,51.0,51
Standard,0.22021484375,12.0,12
Standard,0.23095703125,22.0,22
Standard,0.2373046875,13.0,13
Standard,0.2587890625,44.0,44
Standard,0.26416015625,11.0,11
Standard,0.2734375,19.0,19
Standard,0.28369140625,21.0,21
Standard,0.29638671875,26.0,26
Standard,0.3076171875,23.0,23
Standard,0.3232421875,32.0,32
Standard,0.33056640625,15.0,15
Standard,0.3369140625,13.0,13
Standard,0.3427734375,12.0,12
Standard,0.3505859375,16.0,16
Standard,0.3994140625,100.0,100
Standard,0.40576171875,13.0,13
Standard,0.4189453125,27.0,27
Standard,0.427734375,18.0,18
Standard,0.4443359375,34.0,34
Standard,0.44970703125,11.0,11
Standard,0.458984375,19.0,19
Standard,0.47314453125,29.0,29
Standard,0.4931640625,41.0,41
Standard,0.50634765625,27.0,27
Standard,0.51318359375,14.0,14
Standard,0.52294921875,20.0,20
Standard,0.52978515625,14.0,14
Standard,0.53564453125,12.0,12
Standard,0.5439453125,17.0,17
Standard,0.55224609375,17.0,17
Standard,0.56494140625,26.0,26
Standard,0.5771484375,25.0,25
Standard,0.583984375,14.0,14
Standard,0.5927734375,18.0,18
Standard,0.59716796875,9.0,9
Standard,0.60546875,17.0,17
Standard,0.623046875,36.0,36
Standard,0.63232421875,19.0,19
Standard,0.64111328125,18.0,18
Standard,0.64794921875,14.0,14
Standard,0.66357421875,32.0,32
Standard,0.69775390625,70.0,70
Standard,0.70947265625,24.0,24
Standard,0.7177734375,17.0,17
Standard,0.724609375,14.0,14
Standard,0.7333984375,18.0,18
Standard,0.7470703125,28.0,28
Standard,0.75390625,14.0,14
Standard,0.76025390625,13.0,13
Standard,0.77880859375,38.0,38
Standard,0.78564453125,14.0,14
Standard,0.79296875,15.0,15
Standard,0.80322265625,21.0,21
Standard,0.81494140625,24.0,24
Standard,0.83056640625,32.0,32
Standard,0.84130859375,22.0,22
Standard,0.84619140625,10.0,10
Standard,0.85400390625,16.0,16
Standard,0.8701171875,33.0,33
Standard,0.87646484375,13.0,13
Standard,0.888671875,25.0,25
Standard,0.89599609375,15.0,15
Standard,0.9033203125,15.0,15
Standard,0.91015625,14.0,14
Standard,0.9150390625,10.0,10
Standard,0.927734375,26.0,26
Standard,0.93310546875,11.0,11
Standard,0.9453125,25.0,25
Standard,0.96044921875,31.0,31
Standard,0.9677734375,15.0,15
Standard,0.9794921875,24.0,24
Standard,0.98974609375,21.0,21
Standard,0.99755859375,16.0,16
Standard,1.02197265625,50.0,50
Standard,1.04150390625,40.0,40
Standard,1.04931640625,16.0,16
Standard,1.0830078125,69.0,69
Standard,1.09912109375,33.0,33
Standard,1.12060546875,44.0,44
Standard,1.1416015625,43.0,43
Standard,1.14697265625,11.0,11
Standard,1.15625,19.0,19
Standard,1.1728515625,34.0,34
Standard,1.17822265625,11.0,11
Standard,1.1884765625,21.0,21
Standard,1.19580078125,15.0,15
Standard,1.20751953125,24.0,24
Standard,1.220703125,27.0,27
Standard,1.23095703125,21.0,21
Standard,1.23681640625,12.0,12
Standard,1.25,27.0,27
Standard,1.26123046875,23.0,23
Standard,1.27587890625,30.0,30
Standard,1.29443359375,38.0,38
Standard,1.30029296875,12.0,12
Standard,1.30712890625,14.0,14
Standard,1.3193359375,25.0,25
Standard,1.32666015625,15.0,15
Standard,1.34033203125,28.0,28
Standard,1.34619140625,12.0,12
Standard,1.36083984375,30.0,30
Standard,1.3681640625,15.0,15
Standard,1.3837890625,32.0,32
Standard,1.3994140625,32.0,32
Standard,1.40478515625,11.0,11
Standard,1.421875,35.0,35
Standard,1.44873046875,55.0,55
Standard,1.466796875,37.0,37
Standard,1.4921875,52.0,52
Standard,1.50537109375,27.0,27
Standard,1.51318359375,16.0,16
Standard,1.51806640625,10.0,10
Standard,1.537109375,39.0,39
Standard,1.544921875,16.0,16
Standard,1.55859375,28.0,28
Standard,1.5751953125,34.0,34
Standard,1.603515625,58.0,58
Standard,1.62109375,36.0,36
Standard,1.63427734375,27.0,27
Standard,1.66552734375,64.0,64
Standard,1.6787109375,27.0,27
Standard,1.6865234375,16.0,16
Standard,1.69384765625,15.0,15
Standard,1.701171875,15.0,15
Standard,1.7080078125,14.0,14
Standard,1.71826171875,21.0,21
Standard,1.73095703125,26.0,26
Standard,1.7431640625,25.0,25
Standard,1.75048828125,15.0,15
Standard,1.76708984375,34.0,34
Standard,1.77880859375,24.0,24
Standard,1.7919921875,27.0,27
Standard,1.796875,10.0,10
Standard,1.81103515625,29.0,29
Standard,1.81787109375,14.0,14
Standard,1.82568359375,16.0,16
Standard,1.83154296875,12.0,12
Standard,1.84228515625,22.0,22
Standard,1.84814453125,12.0,12
Standard,1.86083984375,26.0,26
Standard,1.87744140625,34.0,34
Standard,1.88427734375,14.0,14
Standard,1.89453125,21.0,21
Standard,1.9091796875,30.0,30
Standard,1.91748046875,17.0,17
Standard,1.93310546875,32.0,32
Standard,1.94384765625,22.0,22
Standard,1.9482421875,9.0,9
Standard,1.9697265625,44.0,44
Standard,1.98046875,22.0,22
Standard,1.98681640625,13.0,13
Standard,2.0029296875,33.0,33
Standard,2.01220703125,19.0,19
Standard,2.0439453125,65.0,65
Standard,2.05810546875,29.0,29
Standard,2.08544921875,56.0,56
Standard,2.111328125,53.0,53
Standard,2.12158203125,21.0,21
Standard,2.12939453125,16.0,16
Standard,2.1611328125,65.0,65
Standard,2.17236328125,23.0,23
Standard,2.203125,63.0,63
Standard,2.23583984375,67.0,67
Standard,2.2509765625,31.0,31
Standard,2.2841796875,68.0,68
Standard,2.30029296875,33.0,33
Standard,2.318359375,37.0,37
Standard,2.34619140625,57.0,57
Standard,2.357421875,23.0,23
Standard,2.3623046875,10.0,10
Standard,2.3701171875,16.0,16
Standard,2.3818359375,24.0,24
Standard,2.40380859375,45.0,45
Standard,2.42431640625,42.0,42
Standard,2.43212890625,16.0,16
Standard,2.45068359375,38.0,38
Standard,2.4755859375,51.0,51
Standard,2.52880859375,109.0,109
Standard,2.53515625,13.0,13
Standard,2.55810546875,47.0,47
Standard,2.595703125,77.0,77
Standard,2.60791015625,25.0,25
Standard,2.62158203125,28.0,28
Standard,2.63916015625,36.0,36
Standard,2.654296875,31.0,31
Standard,2.66845703125,29.0,29
Standard,2.693359375,51.0,51
Standard,2.7001953125,14.0,14
Standard,2.712890625,26.0,26
Standard,2.74560546875,67.0,67
Standard,2.75439453125,18.0,18
Standard,2.76806640625,28.0,28
Standard,2.7822265625,29.0,29
Standard,2.79345703125,23.0,23
Standard,2.80517578125,24.0,24
Standard,2.8134765625,17.0,17
Standard,2.841796875,58.0,58
Standard,2.86572265625,49.0,49
Standard,2.873046875,15.0,15
Standard,2.884765625,24.0,24
Standard,2.89013671875,11.0,11
Standard,2.90478515625,30.0,30
Standard,2.93017578125,52.0,52
Standard,2.97216796875,86.0,86
Standard,2.98046875,17.0,17
Standard,2.98974609375,19.0,19
Standard,3.00537109375,32.0,32
Standard,3.060546875,113.0,113
Standard,3.07421875,28.0,28
Standard,3.09619140625,45.0,45
Standard,3.14404296875,98.0,98
Standard,3.17138671875,56.0,56
Standard,3.19189453125,42.0,42
Standard,3.22705078125,72.0,72
Standard,3.2412109375,29.0,29
Standard,3.28466796875,89.0,89
Standard,3.31591796875,64.0,64
Standard,3.328125,25.0,25
Standard,3.3388671875,22.0,22
Standard,3.36669921875,57.0,57
Standard,3.396484375,61.0,61
Standard,3.4228515625,54.0,54
Standard,3.43701171875,29.0,29
Standard,3.5107421875,151.0,151
Standard,3.54052734375,61.0,61
Standard,3.5751953125,71.0,71
Standard,3.59814453125,47.0,47
Standard,3.61328125,31.0,31
Standard,3.65380859375,83.0,83
Standard,3.66552734375,24.0,24
Standard,3.68359375,37.0,37
Standard,3.7060546875,46.0,46
Standard,3.7275390625,44.0,44
Standard,3.75634765625,59.0,59
Standard,3.7685546875,25.0,25
Standard,3.779296875,22.0,22
Standard,3.80078125,44.0,44
Standard,3.830078125,60.0,60
Standard,3.8505859375,42.0,42
Standard,3.89501953125,91.0,91
Standard,3.9453125,103.0,103
Standard,3.95654296875,23.0,23
Standard,3.99072265625,70.0,70
Standard,3.99951171875,18.0,18
Standard,4.02685546875,56.0,56
Standard,4.048828125,45.0,45
Standard,4.0986328125,102.0,102
Standard,4.1630859375,132.0,132
Standard,4.2119140625,100.0,100
Standard,4.2490234375,76.0,76
Standard,4.27880859375,61.0,61
Standard,4.3046875,53.0,53
Standard,4.36474609375,123.0,123
Standard,4.38818359375,48.0,48
Standard,4.4189453125,63.0,63
Standard,4.47802734375,121.0,121
Standard,4.49462890625,34.0,34
Standard,4.54345703125,100.0,100
Standard,4.59765625,111.0,111
Standard,4.6708984375,150.0,150
Standard,4.68994140625,39.0,39
Standard,4.74267578125,108.0,108
Standard,4.7841796875,85.0,85
Standard,4.84423828125,123.0,123
Standard,4.91162109375,138.0,138
Standard,4.95166015625,82.0,82
Standard,4.97900390625,56.0,56
Standard,5.0517578125,149.0,149
Standard,5.201171875,306.0,306
Standard,5.2998046875,202.0,202
Standard,5.44775390625,303.0,303
Standard,5.5126953125,133.0,133
Standard,5.55859375,94.0,94
Standard,5.69091796875,271.0,271
Standard,5.73779296875,96.0,96
Standard,5.82470703125,178.0,178
Standard,5.90234375,159.0,159
Standard,6.10205078125,409.0,409
Standard,6.1376953125,73.0,73
Standard,6.31982421875,373.0,373
Standard,6.42919921875,224.0,224
Standard,6.45849609375,60.0,60
Standard,6.57763671875,244.0,244
Standard,6.69091796875,232.0,232
Standard,6.775390625,173.0,173
Standard,6.86181640625,177.0,177
Standard,6.95068359375,182.0,182
Standard,7.02783203125,158.0,158
Standard,7.166015625,283.0,283
Standard,7.3779296875,434.0,434
Standard,7.48193359375,213.0,213
Standard,7.5517578125,143.0,143
Standard,7.60888671875,117.0,117
Standard,7.7373046875,263.0,263
Standard,7.8095703125,148.0,148
Standard,7.9375,262.0,262
Standard,8.13818359375,411.0,411
Standard,8.2666015625,263.0,263
Standard,8.42724609375,329.0,329
Standard,8.583984375,321.0,321
Standard,8.73583984375,311.0,311
Standard,8.85400390625,242.0,242
Standard,8.9482421875,193.0,193
Standard,9.1083984375,328.0,328
Standard,9.3525390625,500.0,500
Standard,9.5966796875,500.0,500
Standard,9.75830078125,331.0,331
Standard,10.00244140625,500.0,500
Standard,10.09619140625,192.0,192
Standard,10.34033203125,500.0,500
Standard,10.58447265625,500.0,500
Standard,10.82861328125,500.0,500
Standard,11.07275390625,500.0,500
Standard,11.31689453125,500.0,500
Standard,11.56103515625,500.0,500
Standard,11.80517578125,500.0,500
Standard,12.0087890625,417.0,417
Standard,12.18701171875,365.0,365
Standard,12.43115234375,500.0,500
Standard,12.48779296875,116.0,116
Standard,12.73193359375,500.0,500
Standard,12.97607421875,500.0,500
Standard,13.22021484375,500.0,500
Standard,13.46435546875,500.0,500
Standard,13.70849609375,500.0,500
Standard,13.95263671875,500.0,500
Standard,14.19677734375,500.0,500
Standard,14.44091796875,500.0,500
Standard,14.68505859375,500.0,500
Standard,14.92919921875,500.0,500
Standard,15.17333984375,500.0,500
Standard,15.41748046875,500.0,500
Standard,15.66162109375,500.0,500
Standard,15.90576171875,500.0,500
Standard,16.14990234375,500.0,500
Standard,16.39404296875,500.0,500
Standard,16.63818359375,500.0,500
Standard,16.88232421875,500.0,500
Standard,17.12646484375,500.0,500
Standard,17.37060546875,500.0,500
Standard,17.61474609375,500.0,500
Standard,17.85888671875,500.0,500
Standard,18.10302734375,500.0,500
Standard,18.34716796875,500.0,500
Standard,18.59130859375,500.0,500
Standard,18.83544921875,500.0,500
Standard,19.07958984375,500.0,500
Standard,19.32373046875,500.0,500
Standard,19.56787109375,500.0,500
Standard,19.81201171875,500.0,500
Standard,20.05615234375,500.0,500
Standard,20.30029296875,500.0,500
Standard,20.54443359375,500.0,500
Standard,20.78857421875,500.0,500
Standard,21.03271484375,500.0,500
Standard,21.27685546875,500.0,500
Standard,21.52099609375,500.0,500
Standard,21.76513671875,500.0,500
Standard,22.00927734375,500.0,500
Standard,22.25341796875,500.0,500
Standard,22.49755859375,500.0,500
Standard,22.74169921875,500.0,500
Standard,22.98583984375,500.0,500
Standard,23.22998046875,500.0,500
Standard,23.47412109375,500.0,500
Standard,23.71826171875,500.0,500
Standard,23.96240234375,500.0,500
Standard,24.20654296875,500.0,500
Standard,24.45068359375,500.0,500
Standard,24.69482421875,500.0,500
Standard,24.93896484375,500.0,500
Standard,25.18310546875,500.0,500
Standard,25.42724609375,500.0,500
Standard,25.67138671875,500.0,500
Standard,25.91552734375,500.0,500
Standard,26.15966796875,500.0,500
Standard,26.40380859375,500.0,500
Standard,26.64794921875,500.0,500
Standard,26.89208984375,500.0,500
Standard,27.13623046875,500.0,500
Standard,27.38037109375,500.0,500
Standard,27.62451171875,500.0,500
Standard,27.86865234375,500.0,500
Standard,28.11279296875,500.0,500
Standard,28.35693359375,500.0,500
Standard,28.60107421875,500.0,500
Standard,28.84521484375,500.0,500
Standard,29.08935546875,500.0,500
Standard,29.33349609375,500.0,500
Standard,29.57763671875,500.0,500
Standard,29.82177734375,500.0,500
Standard,30.06591796875,500.0,500
Standard,30.31005859375,500.0,500
Standard,30.55419921875,500.0,500
Standard,30.79833984375,500.0,500
Standard,31.04248046875,500.0,500
Standard,31.28662109375,500.0,500
Standard,31.53076171875,500.0,500
Standard,31.77490234375,500.0,500
Standard,32.01904296875,500.0,500
Standard,32.26318359375,500.0,500
Standard,32.50732421875,500.0,500
Standard,32.75146484375,500.0,500
Standard,32.99560546875,500.0,500
Standard,33.23974609375,500.0,500
Standard,33.48388671875,500.0,500
Standard,33.72802734375,500.0,500
Standard,33.97216796875,500.0,500
Standard,34.21630859375,500.0,500
Standard,34.46044921875,500.0,500
Standard,34.70458984375,500.0,500
Standard,34.94873046875,500.0,500
Standard,35.19287109375,500.0,500
Standard,35.43701171875,500.0,500
Standard,35.68115234375,500.0,500
Standard,35.92529296875,500.0,500
Standard,36.16943359375,500.0,500
Standard,36.41357421875,500.0,500
Standard,36.65771484375,500.0,500
Standard,36.90185546875,500.0,500
Standard,37.14599609375,500.0,500
Standard,37.39013671875,500.0,500
Standard,37.63427734375,500.0,500
Standard,37.87841796875,500.0,500
Standard,38.12255859375,500.0,500
Standard,38.36669921875,500.0,500
Standard,38.61083984375,500.0,500
Standard,38.85498046875,500.0,500
Standard,39.09912109375,500.0,500
Standard,39.34326171875,500.0,500
Standard,39.58740234375,500.0,500
Standard,39.83154296875,500.0,500
Standard,40.07568359375,500.0,500
Standard,40.31982421875,500.0,500
Standard,40.56396484375,500.0,500
Standard,40.80810546875,500.0,500
Standard,41.05224609375,500.0,500
Standard,41.29638671875,500.0,500
Standard,41.54052734375,500.0,500
Standard,41.78466796875,500.0,500
Standard,42.02880859375,500.0,500
Standard,42.27294921875,500.0,500
Standard,42.51708984375,500.0,500
Standard,42.76123046875,500.0,500
Standard,43.00537109375,500.0,500
Standard,43.24951171875,500.0,500
Standard,43.49365234375,500.0,500
Standard,43.73779296875,500.0,500
Standard,43.98193359375,500.0,500
Standard,44.22607421875,500.0,500
Standard,44.47021484375,500.0,500
Standard,44.71435546875,500.0,500
Standard,44.95849609375,500.0,500
Standard,45.20263671875,500.0,500
Standard,45.44677734375,500.0,500
Standard,45.69091796875,500.0,500
Standard,45.93505859375,500.0,500
Standard,46.17919921875,500.0,500
Standard,46.42333984375,500.0,500
Standard,46.66748046875,500.0,500
Standard,46.91162109375,500.0,500
Standard,47.15576171875,500.0,500
Standard,47.39990234375,500.0,500
Standard,47.64404296875,500.0,500
Standard,47.88818359375,500.0,500
Standard,48.13232421875,500.0,500
Standard,48.37646484375,500.0,500
Standard,48.62060546875,500.0,500
Standard,48.86474609375,500.0,500
Custom,0.01611328125,25.525157,33
Custom,0.0283203125,14.895218,25
Custom,0.03369140625,3.117857,11
Custom,0.0400390625,3.969929,13
Custom,0.046875,6.313983,14
Custom,0.06884765625,37.211908,45
Custom,0.07763671875,11.628225,18
Custom,0.083984375,6.277685,13
Custom,0.09521484375,16.629581,23
Custom,0.10009765625,2.119028,10
Custom,0.11572265625,18.683549,32
Custom,0.123046875,8.074553,15
Custom,0.1337890625,15.896658,22
Custom,0.1396484375,4.824433,12
Custom,0.14501953125,4.418765,11
Custom,0.15087890625,3.442649,12
Custom,0.16552734375,23.414891,30
Custom,0.18212890625,18.580189,34
Custom,0.189453125,9.02358,15
Custom,0.21435546875,39.08887,51
Custom,0.22021484375,5.620998,12
Custom,0.23095703125,8.966783,22
Custom,0.2373046875,2.47268,13
Custom,0.2587890625,28.284905,44
Custom,0.26416015625,-0.141446,11
Custom,0.2734375,12.327379,19
Custom,0.28369140625,13.818185,21
Custom,0.29638671875,18.422087,26
Custom,0.3076171875,16.031447,23
Custom,0.3232421875,21.749806,32
Custom,0.33056640625,4.66605,15
Custom,0.3369140625,6.438428,13
Custom,0.3427734375,1.327234,12
Custom,0.3505859375,10.118885,16
Custom,0.3994140625,74.862184,100
Custom,0.40576171875,7.390104,13
Custom,0.4189453125,19.856179,27
Custom,0.427734375,11.575325,18
Custom,0.4443359375,25.866567,34
Custom,0.44970703125,2.04994,11
Custom,0.458984375,9.648658,19
Custom,0.47314453125,20.99884,29
Custom,0.4931640625,30.898428,41
Custom,0.50634765625,15.882086,27
Custom,0.51318359375,7.598335,14
Custom,0.52294921875,13.040656,20
Custom,0.52978515625,4.717299,14
Custom,0.53564453125,5.805659,12
Custom,0.5439453125,3.346388,17
Custom,0.55224609375,10.946997,17
Custom,0.56494140625,15.901079,26
Custom,0.5771484375,16.697648,25
Custom,0.583984375,5.730672,14
Custom,0.5927734375,4.987758,18
Custom,0.59716796875,0.904089,9
Custom,0.60546875,10.315257,17
Custom,0.623046875,24.813243,36
Custom,0.63232421875,11.135867,19
Custom,0.64111328125,10.058874,18
Custom,0.64794921875,6.069241,14
Custom,0.66357421875,24.350075,32
Custom,0.69775390625,50.406216,70
Custom,0.70947265625,17.02852,24
Custom,0.7177734375,7.821359,17
Custom,0.724609375,5.512154,14
Custom,0.7333984375,10.976046,18
Custom,0.7470703125,20.749171,28
Custom,0.75390625,5.039515,14
Custom,0.76025390625,5.332123,13
Custom,0.77880859375,25.846966,38
Custom,0.78564453125,7.239314,14
Custom,0.79296875,8.909779,15
Custom,0.80322265625,10.667398,21
Custom,0.81494140625,14.548967,24
Custom,0.83056640625,25.021144,32
Custom,0.84130859375,14.864656,22
Custom,0.84619140625,0.902763,10
Custom,0.85400390625,8.813652,16
Custom,0.8701171875,23.538525,33
Custom,0.87646484375,2.699096,13
Custom,0.888671875,14.654776,25
Custom,0.89599609375,8.273249,15
Custom,0.9033203125,7.987515,15
Custom,0.91015625,5.647745,14
Custom,0.9150390625,-2.140455,10
Custom,0.927734375,4.146573,26
Custom,0.93310546875,2.760226,11
Custom,0.9453125,14.890539,25
Custom,0.96044921875,23.333903,31
Custom,0.9677734375,8.519067,15
Custom,0.9794921875,15.93759,24
Custom,0.98974609375,12.907466,21
Custom,0.99755859375,5.357497,16
Custom,1.02197265625,37.671681,50
Custom,1.04150390625,29.230138,40
Custom,1.0517578125,13.989672,21
Custom,1.064453125,16.281592,26
Custom,1.078125,20.117195,28
Custom,1.0859375,7.716859,16
Custom,1.10986328125,39.283227,49
Custom,1.11669921875,2.648192,14
Custom,1.1279296875,14.915025,23
Custom,1.138671875,15.659593,22
Custom,1.14404296875,1.610729,11
Custom,1.1591796875,23.168237,31
Custom,1.1669921875,10.140638,16
Custom,1.18408203125,23.604295,35
Custom,1.19091796875,5.299722,14
Custom,1.201171875,13.822411,21
Custom,1.2080078125,8.417959,14
Custom,1.21923828125,17.028494,23
Custom,1.22509765625,5.479315,12
Custom,1.2353515625,10.415109,21
Custom,1.2509765625,22.988357,32
Custom,1.30419921875,44.764013,109
Custom,1.32080078125,22.965934,34
Custom,1.3271484375,6.236068,13
Custom,1.3447265625,26.469902,36
Custom,1.3525390625,8.664202,16
Custom,1.36328125,11.28231,22
Custom,1.373046875,13.189793,20
Custom,1.392578125,31.136993,40
Custom,1.40283203125,10.983771,21
Custom,1.4248046875,36.628489,45
Custom,1.4453125,29.415332,42
Custom,1.4501953125,1.960669,10
Custom,1.4658203125,24.248065,32
Custom,1.47998046875,19.771165,29
Custom,1.4921875,17.835227,25
Custom,1.5078125,20.196463,32
Custom,1.51416015625,4.391961,13
Custom,1.51953125,4.40198,11
Custom,1.5361328125,25.740263,34
Custom,1.548828125,19.216847,26
Custom,1.5673828125,29.464695,38
Custom,1.580078125,19.162979,26
Custom,1.58935546875,12.57037,19
Custom,1.59912109375,3.731867,20
Custom,1.60693359375,9.519802,16
Custom,1.61669921875,13.209175,20
Custom,1.630859375,20.726684,29
Custom,1.65625,40.608691,52
Custom,1.6611328125,-2.142669,10
Custom,1.7099609375,72.897378,100
Custom,1.7216796875,16.935782,24
Custom,1.728515625,6.976211,14
Custom,1.74169921875,20.379768,27
Custom,1.763671875,31.787426,45
Custom,1.77294921875,9.052426,19
Custom,1.78271484375,14.459698,20
Custom,1.791015625,10.385558,17
Custom,1.79638671875,3.694734,11
Custom,1.80615234375,12.739743,20
Custom,1.81689453125,14.118615,22
Custom,1.8349609375,27.611472,37
Custom,1.84765625,17.792863,26
Custom,1.86328125,24.976808,32
Custom,1.8828125,20.028929,40
Custom,1.89453125,14.087852,24
Custom,1.90966796875,22.751335,31
Custom,1.91748046875,7.298606,16
Custom,1.93212890625,22.245438,30
Custom,1.9521484375,28.605051,41
Custom,1.99267578125,59.996448,83
Custom,2.001953125,11.047104,19
Custom,2.0185546875,24.000109,34
Custom,2.02880859375,13.647092,21
Custom,2.04833984375,30.043566,40
Custom,2.05517578125,7.757632,14
Custom,2.076171875,24.559553,43
Custom,2.0888671875,18.139358,26
Custom,2.12255859375,52.136558,69
Custom,2.14306640625,27.992723,42
Custom,2.15576171875,16.27627,26
Custom,2.18603515625,50.835785,62
Custom,2.19970703125,20.682825,28
Custom,2.2373046875,52.58377,77
Custom,2.25439453125,25.828239,35
Custom,2.2783203125,39.930977,49
Custom,2.28857421875,12.093418,21
Custom,2.3154296875,41.883944,55
Custom,2.33154296875,23.27415,33
Custom,2.35791015625,36.945888,54
Custom,2.37548828125,23.652584,36
Custom,2.38623046875,15.517138,22
Custom,2.4072265625,33.456,43
Custom,2.42724609375,32.919626,41
Custom,2.43359375,6.483519,13
Custom,2.4775390625,77.277562,90
Custom,2.53759765625,100.276415,123
Custom,2.5498046875,18.545452,25
Custom,2.580078125,54.289034,62
Custom,2.595703125,23.911339,32
Custom,2.6201171875,40.663937,50
Custom,2.65380859375,56.589984,69
Custom,2.666015625,17.484422,25
Custom,2.6826171875,25.928142,34
Custom,2.7109375,44.518469,58
Custom,2.74169921875,49.532677,63
Custom,2.74853515625,7.846699,14
Custom,2.75927734375,14.565097,22
Custom,2.78271484375,25.811891,48
Custom,2.794921875,16.956242,25
Custom,2.8095703125,23.335877,30
Custom,2.8720703125,108.570509,128
Custom,2.88818359375,25.407104,33
Custom,2.90234375,21.843963,29
Custom,2.943359375,71.381354,84
Custom,2.9736328125,48.778609,62
Custom,2.98388671875,14.716599,21
Custom,2.99951171875,23.550781,32
Custom,3.01220703125,14.691001,26
Custom,3.03076171875,26.554697,38
Custom,3.0390625,10.064738,17
Custom,3.08544921875,81.026379,95
Custom,3.12255859375,51.436589,76
Custom,3.17041015625,75.877513,98
Custom,3.2001953125,46.732737,61
Custom,3.22705078125,47.333068,55
Custom,3.28759765625,109.088688,124
Custom,3.3388671875,88.802202,105
Custom,3.36328125,40.272257,50
Custom,3.39599609375,58.085733,67
Custom,3.4365234375,49.1543,83
Custom,3.4619140625,33.572419,52
Custom,3.4794921875,22.578395,36
Custom,3.49560546875,25.608399,33
Custom,3.52880859375,48.278986,68
Custom,3.5478515625,27.473761,39
Custom,3.5693359375,30.99377,44
Custom,3.5986328125,28.113615,60
Custom,3.6220703125,31.597479,48
Custom,3.66650390625,74.525621,91
Custom,3.6787109375,18.082401,25
Custom,3.68505859375,7.402384,13
Custom,3.71240234375,44.040189,56
Custom,3.73583984375,37.09127,48
Custom,3.779296875,69.048976,89
Custom,3.80615234375,37.655636,55
Custom,3.84521484375,67.327115,80
Custom,3.8759765625,50.997294,63
Custom,3.91845703125,65.19022,87
Custom,3.94580078125,28.074606,56
Custom,3.95703125,16.606542,23
Custom,3.990234375,55.462572,68
Custom,4.0078125,24.610893,36
Custom,4.0458984375,67.156671,78
Custom,4.06884765625,39.0543,47
Custom,4.1259765625,76.313263,117
Custom,4.162109375,54.014055,74
Custom,4.20751953125,61.179246,93
Custom,4.279296875,119.939833,147
Custom,4.306640625,39.851727,56
Custom,4.369140625,103.786669,128
Custom,4.40234375,47.002729,68
Custom,4.4375,45.405116,72
Custom,4.5087890625,52.25195,146
Custom,4.53515625,36.143136,54
Custom,4.552734375,28.933139,36
Custom,4.6201171875,83.665169,138
Custom,4.66357421875,59.43853,89
Custom,4.7529296875,150.369905,183
Custom,4.78125,38.344934,58
Custom,4.81494140625,53.484932,69
Custom,4.83349609375,26.39374,38
Custom,4.8720703125,63.970673,79
Custom,4.9140625,67.847487,86
Custom,4.94580078125,43.238457,65
Custom,4.99658203125,49.490516,104
Custom,5.05126953125,35.282766,112
Custom,5.10986328125,98.861144,120
Custom,5.1455078125,49.601338,73
Custom,5.19921875,93.320515,110
Custom,5.27490234375,93.463073,155
Custom,5.3212890625,81.037282,95
Custom,5.38134765625,70.989951,123
Custom,5.40869140625,30.184515,56
Custom,5.4443359375,48.552459,73
Custom,5.47802734375,34.897788,69
Custom,5.50439453125,35.592498,54
Custom,5.54345703125,45.820913,80
Custom,5.64208984375,172.321495,202
Custom,5.7041015625,47.712184,127
Custom,5.80078125,154.69433,198
Custom,5.82373046875,30.560749,47
Custom,5.8916015625,48.496454,139
Custom,5.94287109375,70.297896,105
Custom,6.00732421875,98.740909,132
Custom,6.13818359375,185.54415,268
Custom,6.28125,221.123111,293
Custom,6.3583984375,115.596374,158
Custom,6.53466796875,264.994734,361
Custom,6.54638671875,16.939735,24
Custom,6.6337890625,97.705318,179
Custom,6.744140625,128.472677,226
Custom,6.794921875,67.380961,104
Custom,6.85888671875,61.833026,131
Custom,6.90576171875,1.782461,96
Custom,6.94873046875,38.396374,88
Custom,6.98681640625,45.531742,78
Custom,7.23095703125,426.949646,500
Custom,7.3330078125,137.380892,209
Custom,7.49072265625,255.891756,323
Custom,7.73486328125,422.545246,500
Custom,7.93896484375,334.564785,418
Custom,8.18310546875,421.121516,500
Custom,8.42724609375,445.324433,500
Custom,8.67138671875,444.345764,500
Custom,8.91552734375,405.297606,500
Custom,9.15966796875,465.74961,500
Custom,9.40380859375,467.251878,500
Custom,9.64794921875,469.971742,500
Custom,9.89208984375,459.332244,500
Custom,10.13623046875,477.707407,500
Custom,10.34033203125,369.563272,418
Custom,10.58447265625,476.989026,500
Custom,10.79052734375,369.756991,422
Custom,11.01123046875,400.347335,452
Custom,11.25537109375,474.610019,500
Custom,11.49951171875,476.214558,500
Custom,11.74365234375,482.044189,500
Custom,11.98779296875,479.677786,500
Custom,12.23193359375,474.971193,500
Custom,12.47607421875,476.596345,500
Custom,12.72021484375,476.059086,500
Custom,12.96435546875,483.850195,500
Custom,13.20849609375,483.693995,500
Custom,13.45263671875,484.714123,500
Custom,13.69677734375,483.883647,500
Custom,13.94091796875,481.068689,500
Custom,14.18505859375,485.465487,500
Custom,14.42919921875,487.561157,500
Custom,14.67333984375,482.084595,500
Custom,14.91748046875,483.450445,500
Custom,15.16162109375,484.768369,500
Custom,15.40576171875,489.596658,500
Custom,15.64990234375,488.368516,500
Custom,15.89404296875,487.999649,500
Custom,16.13818359375,489.063889,500
Custom,16.38232421875,487.513992,500
Custom,16.62646484375,487.940186,500
Custom,16.87060546875,489.137027,500
Custom,17.11474609375,487.623822,500
Custom,17.35888671875,486.037922,500
Custom,17.60302734375,483.776891,500
Custom,17.84716796875,486.819567,500
Custom,18.09130859375,489.763363,500
Custom,18.33544921875,490.665471,500
Custom,18.57958984375,489.504839,500
Custom,18.82373046875,489.591011,500
Custom,19.06787109375,489.545081,500
Custom,19.31201171875,491.232975,500
Custom,19.55615234375,488.933803,500
Custom,19.80029296875,491.942522,500
Custom,20.04443359375,488.611749,500
Custom,20.28857421875,491.176832,500
Custom,20.53271484375,490.700453,500
Custom,20.77685546875,489.741828,500
Custom,21.02099609375,491.315052,500
Custom,21.26513671875,490.644362,500
Custom,21.50927734375,490.832635,500
Custom,21.75341796875,489.783309,500
Custom,21.99755859375,490.741487,500
Custom,22.24169921875,490.89287,500
Custom,22.48583984375,491.003145,500
Custom,22.72998046875,490.18165,500
Custom,22.97412109375,491.512737,500
Custom,23.21826171875,490.246194,500
Custom,23.46240234375,490.13536,500
Custom,23.70654296875,491.150496,500
Custom,23.95068359375,491.384495,500
Custom,24.19482421875,490.63885,500
Custom,24.43896484375,491.591141,500
Custom,24.68310546875,491.518906,500
Custom,24.92724609375,491.540225,500
Custom,25.17138671875,491.321508,500
Custom,25.41552734375,491.787761,500
Custom,25.65966796875,491.125606,500
Custom,25.90380859375,491.169526,500
Custom,26.14794921875,491.123321,500
Custom,26.39208984375,489.634325,500
Custom,26.63623046875,491.146912,500
Custom,26.88037109375,492.11763,500
Custom,27.12451171875,491.040124,500
Custom,27.36865234375,491.533147,500
Custom,27.61279296875,491.783954,500
Custom,27.85693359375,490.772585,500
Custom,28.10107421875,489.424704,500
Custom,28.34521484375,491.207905,500
Custom,28.58935546875,491.727388,500
Custom,28.83349609375,490.551647,500
Custom,29.07763671875,491.084529,500
Custom,29.32177734375,491.502157,500
Custom,29.56591796875,491.724088,500
Custom,29.81005859375,489.977233,500
Custom,30.05419921875,491.808427,500
Custom,30.29833984375,491.710182,500
Custom,30.54248046875,491.191946,500
Custom,30.78662109375,491.598498,500
Custom,31.03076171875,491.630623,500
Custom,31.27490234375,491.677518,500
Custom,31.51904296875,491.448458,500
Custom,31.76318359375,491.670349,500
Custom,32.00732421875,491.183259,500
Custom,32.25146484375,490.1134,500
Custom,32.49560546875,491.629075,500
Custom,32.73974609375,491.79695,500
Custom,32.98388671875,491.531703,500
Custom,33.22802734375,491.17455,500
Custom,33.47216796875,492.184839,500
Custom,33.71630859375,491.619852,500
Custom,33.96044921875,491.606617,500
Custom,34.20458984375,492.170567,500
Custom,34.44873046875,491.366412,500
Custom,34.69287109375,491.887274,500
Custom,34.93701171875,491.673744,500
Custom,35.18115234375,491.615815,500
Custom,35.42529296875,491.468808,500
Custom,35.66943359375,491.358897,500
Custom,35.91357421875,491.521897,500
Custom,36.15771484375,491.644222,500
Custom,36.40185546875,491.539103,500
Custom,36.64599609375,491.583501,500
Custom,36.89013671875,491.850597,500
Custom,37.13427734375,491.824011,500
Custom,37.37841796875,491.621394,500
Custom,37.62255859375,491.636815,500
Custom,37.86669921875,491.612513,500
Custom,38.11083984375,491.781451,500
Custom,38.35498046875,491.732221,500
Custom,38.59912109375,491.735191,500
Custom,38.84326171875,491.412374,500
Custom,39.08740234375,491.099604,500
Custom,39.33154296875,491.415521,500
Custom,39.57568359375,491.569613,500
Custom,39.81982421875,491.654609,500
Custom,40.06396484375,491.827778,500
Custom,40.30810546875,491.612748,500
Custom,40.55224609375,492.264332,500
Custom,40.79638671875,492.330716,500
Custom,41.04052734375,492.0343,500
Custom,41.28466796875,491.467423,500
Custom,41.52880859375,492.150832,500
Custom,41.77294921875,492.297882,500
Custom,42.01708984375,491.637726,500
Custom,42.26123046875,491.996096,500
Custom,42.50537109375,492.143826,500
Custom,42.74951171875,491.760271,500
Custom,42.99365234375,491.815365,500
Custom,43.23779296875,491.642242,500
Custom,43.48193359375,491.764797,500
Custom,43.72607421875,491.430711,500
Custom,43.97021484375,491.964113,500
Custom,44.21435546875,491.559702,500
Custom,44.45849609375,491.631678,500
Custom,44.70263671875,491.671206,500
Custom,44.94677734375,491.972007,500
Custom,45.19091796875,491.752967,500
Custom,45.43505859375,491.299057,500
Custom,45.67919921875,491.712363,500
Custom,45.92333984375,491.623752,500
Custom,46.16748046875,491.717874,500
Custom,46.41162109375,491.875898,500
Custom,46.65576171875,491.847196,500
Custom,46.89990234375,491.846788,500
Custom,47.14404296875,490.653477,500
Custom,47.38818359375,492.343869,500
Custom,47.63232421875,492.083707,500
Custom,47.87646484375,492.999568,500
Custom,48.12060546875,491.67742,500
Custom,48.36474609375,491.759462,500
Custom,48.60888671875,491.410384,500
Custom,48.85302734375,491.608566,500
