environment,timestep,episode_return,episode_length
Standard,33,33.0,33
Standard,58,25.0,25
Standard,69,11.0,11
Standard,82,13.0,13
Standard,96,14.0,14
Standard,141,45.0,45
Standard,159,18.0,18
Standard,175,16.0,16
Standard,191,16.0,16
Standard,202,11.0,11
Standard,213,11.0,11
Standard,225,12.0,12
Standard,240,15.0,15
Standard,252,12.0,12
Standard,274,22.0,22
Standard,289,15.0,15
Standard,305,16.0,16
Standard,348,43.0,43
Standard,384,36.0,36
Standard,434,50.0,50
Standard,458,24.0,24
Standard,470,12.0,12
Standard,491,21.0,21
Standard,507,16.0,16
Standard,518,11.0,11
Standard,537,19.0,19
Standard,559,22.0,22
Standard,580,21.0,21
Standard,613,33.0,33
Standard,650,37.0,37
Standard,665,15.0,15
Standard,695,30.0,30
Standard,715,20.0,20
Standard,731,16.0,16
Standard,749,18.0,18
Standard,759,10.0,10
Standard,784,25.0,25
Standard,812,28.0,28
Standard,835,23.0,23
Standard,889,54.0,54
Standard,920,31.0,31
Standard,945,25.0,25
Standard,1002,57.0,57
Standard,1044,42.0,42
Standard,1079,35.0,35
Standard,1112,33.0,33
Standard,1128,16.0,16
Standard,1182,54.0,54
Standard,1214,32.0,32
Standard,1265,51.0,51
Standard,1369,104.0,104
Standard,1404,35.0,35
Standard,1424,20.0,20
Standard,1472,48.0,48
Standard,1510,38.0,38
Standard,1573,63.0,63
Standard,1596,23.0,23
Standard,1627,31.0,31
Standard,1674,47.0,47
Standard,1721,47.0,47
Standard,1780,59.0,59
Standard,1832,52.0,52
Standard,1931,99.0,99
Standard,1982,51.0,51
Standard,2024,42.0,42
Standard,2081,57.0,57
Standard,2115,34.0,34
Standard,2142,27.0,27
Standard,2279,137.0,137
Standard,2335,56.0,56
Standard,2349,14.0,14
Standard,2464,115.0,115
Standard,2495,31.0,31
Standard,2525,30.0,30
Standard,2651,126.0,126
Standard,2667,16.0,16
Standard,2770,103.0,103
Standard,2815,45.0,45
Standard,2952,137.0,137
Standard,3015,63.0,63
Standard,3109,94.0,94
Standard,3256,147.0,147
Standard,3278,22.0,22
Standard,3424,146.0,146
Standard,3512,88.0,88
Standard,3576,64.0,64
Standard,3772,196.0,196
Standard,3877,105.0,105
Standard,3927,50.0,50
Standard,4041,114.0,114
Standard,4202,161.0,161
Standard,4354,152.0,152
Standard,4432,78.0,78
Standard,4675,243.0,243
Standard,4848,173.0,173
Standard,4957,109.0,109
Standard,5184,227.0,227
Standard,5364,180.0,180
Standard,5485,121.0,121
Standard,5704,219.0,219
Standard,6204,500.0,500
Standard,6373,169.0,169
Standard,6581,208.0,208
Standard,6691,110.0,110
Standard,6731,40.0,40
Standard,6974,243.0,243
Standard,7234,260.0,260
Standard,7593,359.0,359
Standard,7774,181.0,181
Standard,7988,214.0,214
Standard,8243,255.0,255
Standard,8519,276.0,276
Standard,8750,231.0,231
Standard,9164,414.0,414
Standard,9363,199.0,199
Standard,9734,371.0,371
Standard,10095,361.0,361
Standard,10199,104.0,104
Standard,10348,149.0,149
Standard,10645,297.0,297
Standard,11030,385.0,385
Standard,11303,273.0,273
Standard,11699,396.0,396
Standard,12146,447.0,447
Standard,12518,372.0,372
Standard,12748,230.0,230
Standard,13013,265.0,265
Standard,13289,276.0,276
Standard,13375,86.0,86
Standard,13432,57.0,57
Standard,13595,163.0,163
Standard,13680,85.0,85
Standard,13821,141.0,141
Standard,13959,138.0,138
Standard,14094,135.0,135
Standard,14192,98.0,98
Standard,14318,126.0,126
Standard,14417,99.0,99
Standard,14616,199.0,199
Standard,14857,241.0,241
Standard,14996,139.0,139
Standard,15140,144.0,144
Standard,15229,89.0,89
Standard,15457,228.0,228
Standard,15614,157.0,157
Standard,15937,323.0,323
Standard,16032,95.0,95
Standard,16525,493.0,493
Standard,16640,115.0,115
Standard,17140,500.0,500
Standard,17623,483.0,483
Standard,17926,303.0,303
Standard,18160,234.0,234
Standard,18488,328.0,328
Standard,18929,441.0,441
Standard,19247,318.0,318
Standard,19636,389.0,389
Standard,20000,364.0,364
Standard,20271,271.0,271
Standard,20548,277.0,277
Standard,20799,251.0,251
Standard,21156,357.0,357
Standard,21656,500.0,500
Standard,21930,274.0,274
Standard,22430,500.0,500
Standard,22900,470.0,470
Standard,23400,500.0,500
Standard,23764,364.0,364
Standard,24264,500.0,500
Standard,24764,500.0,500
Standard,24958,194.0,194
Standard,25458,500.0,500
Standard,25958,500.0,500
Standard,26458,500.0,500
Standard,26958,500.0,500
Standard,27210,252.0,252
Standard,27490,280.0,280
Standard,27877,387.0,387
Standard,28377,500.0,500
Standard,28877,500.0,500
Standard,29056,179.0,179
Standard,29556,500.0,500
Standard,30056,500.0,500
Standard,30556,500.0,500
Standard,30750,194.0,194
Standard,31250,500.0,500
Standard,31643,393.0,393
Standard,31769,126.0,126
Standard,32228,459.0,459
Standard,32466,238.0,238
Standard,32966,500.0,500
Standard,33466,500.0,500
Standard,33854,388.0,388
Standard,34334,480.0,480
Standard,34388,54.0,54
Standard,34512,124.0,124
Standard,34678,166.0,166
Standard,34719,41.0,41
Standard,34827,108.0,108
Standard,35179,352.0,352
Standard,35337,158.0,158
Standard,35662,325.0,325
Standard,35766,104.0,104
Standard,35902,136.0,136
Standard,36027,125.0,125
Standard,36141,114.0,114
Standard,36287,146.0,146
Standard,36410,123.0,123
Standard,36516,106.0,106
Standard,36720,204.0,204
Standard,36994,274.0,274
Standard,37214,220.0,220
Standard,37295,81.0,81
Standard,37510,215.0,215
Standard,37752,242.0,242
Standard,37842,90.0,90
Standard,37947,105.0,105
Standard,38337,390.0,390
Standard,38404,67.0,67
Standard,38540,136.0,136
Standard,38735,195.0,195
Standard,38842,107.0,107
Standard,38954,112.0,112
Standard,39124,170.0,170
Standard,39340,216.0,216
Standard,39575,235.0,235
Standard,39824,249.0,249
Standard,40324,500.0,500
Standard,40489,165.0,165
Standard,40616,127.0,127
Standard,41116,500.0,500
Standard,41601,485.0,485
Standard,42101,500.0,500
Standard,42601,500.0,500
Standard,42711,110.0,110
Standard,43211,500.0,500
Standard,43640,429.0,429
Standard,43989,349.0,349
Standard,44241,252.0,252
Standard,44346,105.0,105
Standard,44456,110.0,110
Standard,44554,98.0,98
Standard,44655,101.0,101
Standard,44855,200.0,200
Standard,44957,102.0,102
Standard,45073,116.0,116
Standard,45194,121.0,121
Standard,45299,105.0,105
Standard,45505,206.0,206
Standard,45970,465.0,465
Standard,46068,98.0,98
Standard,46185,117.0,117
Standard,46685,500.0,500
Standard,46795,110.0,110
Standard,46987,192.0,192
Standard,47110,123.0,123
Standard,47291,181.0,181
Standard,47791,500.0,500
Standard,48084,293.0,293
Standard,48266,182.0,182
Standard,48766,500.0,500
Standard,49266,500.0,500
Standard,49766,500.0,500
Standard,50266,500.0,500
Standard,50636,370.0,370
Standard,50836,200.0,200
Standard,51103,267.0,267
Standard,51421,318.0,318
Standard,51664,243.0,243
Standard,51868,204.0,204
Standard,51951,83.0,83
Standard,52116,165.0,165
Standard,52234,118.0,118
Standard,52254,20.0,20
Standard,52445,191.0,191
Standard,52495,50.0,50
Standard,52593,98.0,98
Standard,52677,84.0,84
Standard,52719,42.0,42
Standard,52918,199.0,199
Standard,53086,168.0,168
Standard,53342,256.0,256
Standard,53410,68.0,68
Standard,53542,132.0,132
Standard,53555,13.0,13
Standard,53626,71.0,71
Standard,53643,17.0,17
Standard,53815,172.0,172
Standard,53834,19.0,19
Standard,53849,15.0,15
Standard,53967,118.0,118
Standard,54049,82.0,82
Standard,54096,47.0,47
Standard,54299,203.0,203
Standard,54417,118.0,118
Standard,54438,21.0,21
Standard,54698,260.0,260
Standard,54803,105.0,105
Standard,54910,107.0,107
Standard,54984,74.0,74
Standard,55064,80.0,80
Standard,55281,217.0,217
Standard,55381,100.0,100
Standard,55582,201.0,201
Standard,55855,273.0,273
Standard,55982,127.0,127
Standard,56051,69.0,69
Standard,56070,19.0,19
Standard,56347,277.0,277
Standard,56633,286.0,286
Standard,56657,24.0,24
Standard,56956,299.0,299
Standard,57059,103.0,103
Standard,57233,174.0,174
Standard,57365,132.0,132
Standard,57562,197.0,197
Standard,57669,107.0,107
Standard,57891,222.0,222
Standard,57903,12.0,12
Standard,58107,204.0,204
Standard,58175,68.0,68
Standard,58449,274.0,274
Standard,58812,363.0,363
Standard,59062,250.0,250
Standard,59346,284.0,284
Standard,59520,174.0,174
Standard,59806,286.0,286
Standard,60155,349.0,349
Standard,60506,351.0,351
Standard,60728,222.0,222
Standard,61000,272.0,272
Standard,61241,241.0,241
Standard,61442,201.0,201
Standard,61591,149.0,149
Standard,61776,185.0,185
Standard,61931,155.0,155
Standard,62115,184.0,184
Standard,62244,129.0,129
Standard,62389,145.0,145
Standard,62527,138.0,138
Standard,62671,144.0,144
Standard,62826,155.0,155
Standard,62997,171.0,171
Standard,63146,149.0,149
Standard,63297,151.0,151
Standard,63460,163.0,163
Standard,63613,153.0,153
Standard,63760,147.0,147
Standard,63899,139.0,139
Standard,64052,153.0,153
Standard,64194,142.0,142
Standard,64327,133.0,133
Standard,64472,145.0,145
Standard,64630,158.0,158
Standard,64666,36.0,36
Standard,64818,152.0,152
Standard,64991,173.0,173
Standard,65168,177.0,177
Standard,65368,200.0,200
Standard,65547,179.0,179
Standard,65734,187.0,187
Standard,65881,147.0,147
Standard,66017,136.0,136
Standard,66185,168.0,168
Standard,66339,154.0,154
Standard,66517,178.0,178
Standard,66721,204.0,204
Standard,66907,186.0,186
Standard,67115,208.0,208
Standard,67325,210.0,210
Standard,67533,208.0,208
Standard,67713,180.0,180
Standard,67905,192.0,192
Standard,68106,201.0,201
Standard,68281,175.0,175
Standard,68458,177.0,177
Standard,68629,171.0,171
Standard,68818,189.0,189
Standard,68972,154.0,154
Standard,69178,206.0,206
Standard,69373,195.0,195
Standard,69592,219.0,219
Standard,69893,301.0,301
Standard,70393,500.0,500
Standard,70893,500.0,500
Standard,71393,500.0,500
Standard,71694,301.0,301
Standard,72194,500.0,500
Standard,72694,500.0,500
Standard,73194,500.0,500
Standard,73694,500.0,500
Standard,74127,433.0,433
Standard,74230,103.0,103
Standard,74471,241.0,241
Standard,74630,159.0,159
Standard,74883,253.0,253
Standard,75148,265.0,265
Standard,75543,395.0,395
Standard,75997,454.0,454
Standard,76209,212.0,212
Standard,76709,500.0,500
Standard,76896,187.0,187
Standard,77046,150.0,150
Standard,77200,154.0,154
Standard,77362,162.0,162
Standard,77514,152.0,152
Standard,77675,161.0,161
Standard,77794,119.0,119
Standard,77935,141.0,141
Standard,78083,148.0,148
Standard,78217,134.0,134
Standard,78357,140.0,140
Standard,78493,136.0,136
Standard,78643,150.0,150
Standard,78782,139.0,139
Standard,78917,135.0,135
Standard,79076,159.0,159
Standard,79221,145.0,145
Standard,79382,161.0,161
Standard,79508,126.0,126
Standard,79672,164.0,164
Standard,79809,137.0,137
Standard,79962,153.0,153
Standard,80126,164.0,164
Standard,80274,148.0,148
Standard,80411,137.0,137
Standard,80541,130.0,130
Standard,80676,135.0,135
Standard,80819,143.0,143
Standard,81000,181.0,181
Standard,81153,153.0,153
Standard,81291,138.0,138
Standard,81489,198.0,198
Standard,81703,214.0,214
Standard,81877,174.0,174
Standard,82021,144.0,144
Standard,82215,194.0,194
Standard,82391,176.0,176
Standard,82545,154.0,154
Standard,82744,199.0,199
Standard,82897,153.0,153
Standard,83112,215.0,215
Standard,83318,206.0,206
Standard,83519,201.0,201
Standard,83702,183.0,183
Standard,83862,160.0,160
Standard,84104,242.0,242
Standard,84319,215.0,215
Standard,84582,263.0,263
Standard,84834,252.0,252
Standard,85091,257.0,257
Standard,85264,173.0,173
Standard,85440,176.0,176
Standard,85677,237.0,237
Standard,85931,254.0,254
Standard,86404,473.0,473
Standard,86904,500.0,500
Standard,87124,220.0,220
Standard,87326,202.0,202
Standard,87507,181.0,181
Standard,87732,225.0,225
Standard,87980,248.0,248
Standard,88468,488.0,488
Standard,88968,500.0,500
Standard,89468,500.0,500
Standard,89968,500.0,500
Standard,90468,500.0,500
Standard,90968,500.0,500
Standard,91468,500.0,500
Standard,91968,500.0,500
Standard,92468,500.0,500
Standard,92968,500.0,500
Standard,93468,500.0,500
Standard,93968,500.0,500
Standard,94468,500.0,500
Standard,94968,500.0,500
Standard,95468,500.0,500
Standard,95968,500.0,500
Standard,96468,500.0,500
Standard,96968,500.0,500
Standard,97468,500.0,500
Standard,97968,500.0,500
Standard,98468,500.0,500
Standard,98968,500.0,500
Standard,99468,500.0,500
Standard,99968,500.0,500
Custom,33,23.892569,33
Custom,58,21.490974,25
Custom,69,7.033753,11
Custom,82,8.418349,13
Custom,96,9.646911,14
Custom,141,36.791157,45
Custom,159,11.477058,18
Custom,175,10.005207,16
Custom,191,10.79586,16
Custom,202,7.688219,11
Custom,213,7.559602,11
Custom,225,8.78502,12
Custom,240,11.041912,15
Custom,252,8.4265,12
Custom,274,14.482297,22
Custom,289,9.652378,15
Custom,305,9.864542,16
Custom,348,37.840964,43
Custom,384,23.568117,36
Custom,434,46.092571,50
Custom,458,17.91105,24
Custom,470,8.521703,12
Custom,491,15.56863,21
Custom,507,10.591908,16
Custom,518,6.192837,11
Custom,537,14.639158,19
Custom,559,16.21765,22
Custom,580,15.177338,21
Custom,613,27.962539,33
Custom,650,30.391063,37
Custom,665,10.578372,15
Custom,695,21.97504,30
Custom,715,13.264155,20
Custom,731,11.298462,16
Custom,749,12.744248,18
Custom,759,5.690248,10
Custom,784,18.175517,25
Custom,812,21.040002,28
Custom,835,18.016636,23
Custom,889,43.347902,54
Custom,934,37.190897,45
Custom,960,15.395163,26
Custom,1055,67.242755,95
Custom,1086,23.08399,31
Custom,1137,35.237926,51
Custom,1163,19.651535,26
Custom,1219,48.864051,56
Custom,1254,25.320346,35
Custom,1339,47.979271,85
Custom,1367,14.058659,28
Custom,1423,47.51666,56
Custom,1467,35.858875,44
Custom,1502,17.817892,35
Custom,1549,38.496137,47
Custom,1579,19.128943,30
Custom,1611,23.244529,32
Custom,1657,27.134183,46
Custom,1683,18.329088,26
Custom,1753,52.842064,70
Custom,1814,41.76992,61
Custom,1886,55.850625,72
Custom,1936,36.084146,50
Custom,1978,27.991273,42
Custom,2061,55.532297,83
Custom,2090,21.930892,29
Custom,2136,30.778868,46
Custom,2179,32.001341,43
Custom,2220,29.758433,41
Custom,2279,38.250387,59
Custom,2347,54.870106,68
Custom,2377,23.540293,30
Custom,2434,43.752963,57
Custom,2474,30.779747,40
Custom,2506,19.166492,32
Custom,2588,45.993839,82
Custom,2658,39.438983,70
Custom,2800,99.305438,142
Custom,3005,153.980033,205
Custom,3135,96.171891,130
Custom,3249,69.96739,114
Custom,3272,17.861404,23
Custom,3300,16.005361,28
Custom,3329,23.447435,29
Custom,3630,262.813607,301
Custom,3710,59.37838,80
Custom,3787,50.704215,77
Custom,3899,89.719209,112
Custom,4267,255.871071,368
Custom,4326,46.432395,59
Custom,4452,92.97949,126
Custom,4580,97.183971,128
Custom,4756,151.525485,176
Custom,4978,200.523248,222
Custom,5225,205.019644,247
Custom,5455,209.193567,230
Custom,5657,168.594909,202
Custom,5957,277.86367,300
Custom,6133,145.489996,176
Custom,6418,253.609971,285
Custom,6713,260.436165,295
Custom,6891,150.606979,178
Custom,7273,348.093586,382
Custom,7446,143.732387,173
Custom,7852,341.255566,406
Custom,8262,358.982121,410
Custom,8432,150.030291,170
Custom,8624,151.600079,192
Custom,9114,365.305631,490
Custom,9245,86.045644,131
Custom,9378,102.52595,133
Custom,9709,277.438676,331
Custom,9904,175.329672,195
Custom,10100,169.182023,196
Custom,10152,41.078735,52
Custom,10312,123.278825,160
Custom,10560,196.512899,248
Custom,10767,188.914557,207
Custom,11011,222.993116,244
Custom,11186,161.682627,175
Custom,11399,194.548915,213
Custom,11613,184.168958,214
Custom,11773,132.43557,160
Custom,12042,215.388482,269
Custom,12303,235.192858,261
Custom,12456,132.62477,153
Custom,12773,296.980462,317
Custom,12946,145.913563,173
Custom,13072,95.616413,126
Custom,13252,159.467658,180
Custom,13405,128.75982,153
Custom,13566,133.402548,161
Custom,13925,335.007769,359
Custom,14156,208.761846,231
Custom,14281,98.439036,125
Custom,14601,284.72183,320
Custom,14994,366.479394,393
Custom,15494,461.445428,500
Custom,15994,463.578142,500
Custom,16256,221.369814,262
Custom,16641,361.934025,385
Custom,16958,285.297668,317
Custom,17343,361.533324,385
Custom,17699,329.443194,356
Custom,18199,471.045132,500
Custom,18699,482.240829,500
Custom,18805,79.313906,106
Custom,19157,322.05887,352
Custom,19303,123.99749,146
Custom,19448,124.787755,145
Custom,19586,106.954085,138
Custom,19809,201.434702,223
Custom,19980,147.991963,171
Custom,20143,147.797939,163
Custom,20271,92.81396,128
Custom,20431,143.319632,160
Custom,20583,128.196873,152
Custom,20728,121.75135,145
Custom,21006,261.145208,278
Custom,21506,472.299601,500
Custom,21780,262.05066,274
Custom,22098,276.724228,318
Custom,22447,296.844977,349
Custom,22693,221.448661,246
Custom,22897,178.132185,204
Custom,23165,247.703648,268
Custom,23615,413.433588,450
Custom,24013,380.054892,398
Custom,24475,438.012276,462
Custom,24816,317.780348,341
Custom,25102,263.096159,286
Custom,25496,357.32776,394
Custom,25737,211.563208,241
Custom,25991,223.311594,254
Custom,26392,371.183325,401
Custom,26765,338.820205,373
Custom,26993,192.861219,228
Custom,27195,170.963456,202
Custom,27394,160.358544,199
Custom,27617,205.149411,223
Custom,27920,277.066168,303
Custom,28129,193.302579,209
Custom,28451,302.390211,322
Custom,28930,446.994767,479
Custom,29430,454.274629,500
Custom,29803,349.022945,373
Custom,30303,467.276124,500
Custom,30803,471.809737,500
Custom,31303,489.357379,500
Custom,31803,490.24761,500
Custom,32251,429.828265,448
Custom,32691,420.782874,440
Custom,33191,486.10546,500
Custom,33691,484.53407,500
Custom,34191,493.538041,500
Custom,34691,492.015898,500
Custom,35191,491.89697,500
Custom,35691,491.74565,500
Custom,36191,486.430576,500
Custom,36691,494.492967,500
Custom,37191,497.972221,500
Custom,37691,497.482844,500
Custom,38191,494.604093,500
Custom,38691,497.02712,500
Custom,39191,497.855631,500
Custom,39691,498.905481,500
Custom,40191,487.181245,500
Custom,40691,495.600338,500
Custom,41191,498.623061,500
Custom,41691,498.36201,500
Custom,42191,497.945331,500
Custom,42691,498.273563,500
Custom,43191,497.85931,500
Custom,43691,492.369657,500
Custom,44191,498.71437,500
Custom,44691,496.779812,500
Custom,45191,494.441168,500
Custom,45691,496.776133,500
Custom,46191,492.999075,500
Custom,46691,498.817397,500
Custom,47191,493.826108,500
Custom,47691,492.798208,500
Custom,48191,497.329986,500
Custom,48691,499.006483,500
Custom,49191,494.799004,500
Custom,49691,498.955534,500
Custom,50191,497.399887,500
Custom,50691,499.127352,500
Custom,51191,498.983146,500
Custom,51691,482.876603,500
Custom,52191,496.609284,500
Custom,52691,498.858709,500
Custom,53191,499.172386,500
Custom,53691,498.341376,500
Custom,54191,499.122962,500
Custom,54691,499.086213,500
Custom,55191,499.194711,500
Custom,55691,497.856111,500
Custom,56191,499.440683,500
Custom,56691,492.604476,500
Custom,57191,497.376106,500
Custom,57691,498.377282,500
Custom,58191,499.115512,500
Custom,58691,499.351059,500
Custom,59191,499.164957,500
Custom,59691,499.390349,500
Custom,60191,498.906191,500
Custom,60691,499.429814,500
Custom,61191,499.264644,500
Custom,61691,499.225476,500
Custom,62191,499.253191,500
Custom,62691,499.206149,500
Custom,63191,498.939713,500
Custom,63691,499.320014,500
Custom,64191,499.411543,500
Custom,64691,499.37406,500
Custom,65191,498.395394,500
Custom,65691,499.245505,500
Custom,66191,499.371688,500
Custom,66691,499.055701,500
Custom,67191,499.449009,500
Custom,67691,498.931072,500
Custom,68191,499.370546,500
Custom,68691,499.384862,500
Custom,69191,497.751588,500
Custom,69691,499.121283,500
Custom,70191,499.493432,500
Custom,70691,499.030605,500
Custom,71191,499.448069,500
Custom,71691,499.103831,500
Custom,72191,499.485455,500
Custom,72691,498.757608,500
Custom,73191,498.774376,500
Custom,73691,499.402625,500
Custom,74191,499.515706,500
Custom,74691,499.27361,500
Custom,75191,499.451808,500
Custom,75691,499.402987,500
Custom,76191,499.227443,500
Custom,76691,499.123712,500
Custom,77191,498.360535,500
Custom,77691,499.210388,500
Custom,78191,499.133538,500
Custom,78691,498.948971,500
Custom,79191,498.927586,500
Custom,79691,499.352339,500
Custom,80191,499.07111,500
Custom,80691,499.467415,500
Custom,81191,498.771867,500
Custom,81691,499.429322,500
Custom,82191,499.415169,500
Custom,82691,499.476862,500
Custom,83191,499.291396,500
Custom,83691,499.538157,500
Custom,84191,499.508763,500
Custom,84691,499.429094,500
Custom,85191,499.036148,500
Custom,85691,499.250962,500
Custom,86191,499.195598,500
Custom,86691,499.198359,500
Custom,87191,499.177201,500
Custom,87691,499.235641,500
Custom,88191,499.452966,500
Custom,88691,499.32064,500
Custom,89191,499.441664,500
Custom,89691,499.504293,500
Custom,90191,499.363401,500
Custom,90691,499.332179,500
Custom,91191,499.396766,500
Custom,91691,499.424855,500
Custom,92191,499.371829,500
Custom,92691,499.306871,500
Custom,93191,499.454755,500
Custom,93691,499.329986,500
Custom,94191,499.181182,500
Custom,94691,499.139645,500
Custom,95191,499.416063,500
Custom,95691,499.467835,500
Custom,96191,499.396127,500
Custom,96691,499.426265,500
Custom,97191,499.463706,500
Custom,97691,499.528595,500
Custom,98191,499.162434,500
Custom,98691,499.50318,500
Custom,99191,499.529876,500
Custom,99691,499.537566,500
